listing_id,calendar_updated,from_date,availability_30,availability_60,availability_90
7698284,5 days ago,2016-05-21,13,33,41
1456614,2 weeks ago,2016-05-21,5,24,41
8779036,5 days ago,2016-05-21,23,23,23
3372115,2 weeks ago,2016-05-18,0,0,0
6782213,4 months ago,2016-05-20,0,0,0
8045225,a week ago,2016-05-19,11,26,53
11509014,3 months ago,2016-05-19,0,0,0
11355438,today,2016-05-20,1,1,1
259616,today,2016-05-18,11,18,24
12622842,today,2016-05-17,10,40,45
7510774,3 months ago,2016-05-18,30,60,90
7510622,a week ago,2016-05-18,18,48,78
12521444,3 days ago,2016-05-19,20,50,55
4581104,2 weeks ago,2016-05-20,16,46,76
12546318,5 days ago,2016-05-21,20,50,50
9009776,5 months ago,2016-05-18,2,6,6
7439434,7 months ago,2016-05-17,28,58,88
6894767,2 weeks ago,2016-05-18,8,22,35
7369421,5 months ago,2016-05-17,0,0,0
4244250,2 weeks ago,2016-05-17,2,2,11
1641575,6 months ago,2016-05-18,28,58,88
3395085,3 months ago,2016-05-18,0,0,0
10549975,3 weeks ago,2016-05-17,9,21,46
5558592,a week ago,2016-05-20,15,45,75
4211844,4 days ago,2016-05-17,13,43,73
8427693,3 days ago,2016-05-17,6,13,29
6348993,a week ago,2016-05-17,8,16,40
9530842,6 months ago,2016-05-17,0,0,0
7600940,today,2016-05-18,0,0,1
3412478,today,2016-05-18,11,40,70
4067759,3 weeks ago,2016-05-18,15,45,75
8922674,today,2016-05-18,17,30,54
12095588,today,2016-05-18,10,30,48
8760285,today,2016-05-19,9,24,53
3968613,3 days ago,2016-05-20,18,47,77
3961440,3 days ago,2016-05-20,15,44,74
8741945,3 days ago,2016-05-20,0,0,0
4077803,today,2016-05-21,3,3,7
3561443,today,2016-05-21,11,41,71
13029504,a week ago,2016-05-21,16,46,76
1005908,4 days ago,2016-05-21,0,5,19
3241711,yesterday,2016-05-17,0,0,0
11650301,today,2016-05-17,2,14,19
6865639,6 months ago,2016-05-19,0,0,0
3645091,2 weeks ago,2016-05-21,0,0,0
3848525,2 months ago,2016-05-17,25,51,81
1609666,9 months ago,2016-05-18,30,60,90
8349724,5 weeks ago,2016-05-19,21,47,74
9201317,today,2016-05-20,11,35,58
4051568,5 weeks ago,2016-05-21,2,2,4
12451580,today,2016-05-21,24,54,84
5672771,a week ago,2016-05-21,15,26,35
10500808,today,2016-05-17,1,2,3
7592501,6 days ago,2016-05-18,14,34,60
1802131,3 days ago,2016-05-20,5,5,5
785140,2 months ago,2016-05-20,0,0,0
1845556,today,2016-05-20,14,25,54
4065526,4 months ago,2016-05-21,1,1,1
9952821,5 months ago,2016-05-21,0,0,0
10705932,4 months ago,2016-05-18,0,0,0
9825660,a week ago,2016-05-18,4,24,46
5762080,3 weeks ago,2016-05-18,2,2,26
10037506,4 days ago,2016-05-18,4,26,29
1811842,2 months ago,2016-05-20,6,28,58
9237825,a week ago,2016-05-20,5,5,5
9788675,2 weeks ago,2016-05-20,11,35,50
9771731,a week ago,2016-05-21,22,52,82
9886089,3 weeks ago,2016-05-21,16,41,71
5232557,8 months ago,2016-05-21,30,60,90
11496933,today,2016-05-21,14,36,61
11529607,3 months ago,2016-05-21,0,0,0
7789746,a week ago,2016-05-18,14,43,73
4808822,yesterday,2016-05-19,10,40,70
3782011,2 weeks ago,2016-05-19,2,8,9
10017182,2 months ago,2016-05-19,0,0,0
721758,a week ago,2016-05-19,6,23,46
12871366,3 days ago,2016-05-20,3,12,12
9238089,today,2016-05-20,11,11,11
11966335,2 days ago,2016-05-21,8,26,50
6464704,6 days ago,2016-05-19,3,11,12
1069351,4 weeks ago,2016-05-17,0,0,30
10683692,today,2016-05-17,1,14,28
6448838,11 months ago,2016-05-17,28,58,88
10000689,today,2016-05-18,15,35,65
6698984,3 months ago,2016-05-18,2,11,11
12125647,2 weeks ago,2016-05-18,10,38,68
698056,a week ago,2016-05-20,7,15,15
12008338,today,2016-05-20,21,51,81
2391908,2 days ago,2016-05-20,16,36,66
1360599,2 weeks ago,2016-05-20,0,0,17
7134548,6 weeks ago,2016-05-20,0,0,0
6092001,3 days ago,2016-05-20,0,0,0
7712642,today,2016-05-21,0,0,0
8193192,8 months ago,2016-05-21,29,59,89
7369518,today,2016-05-17,6,33,51
4287477,today,2016-05-17,8,22,47
3495498,3 days ago,2016-05-18,4,11,18
6891514,2 weeks ago,2016-05-18,12,42,72
10190798,a week ago,2016-05-20,10,18,35
3938061,2 months ago,2016-05-20,27,57,87
7665310,today,2016-05-20,0,5,21
7177782,7 weeks ago,2016-05-21,0,0,0
4615413,2 weeks ago,2016-05-21,0,0,16
3115132,4 weeks ago,2016-05-21,9,20,24
1911814,5 days ago,2016-05-20,15,36,61
12649682,5 days ago,2016-05-17,4,10,22
4350744,3 days ago,2016-05-17,26,47,73
217996,yesterday,2016-05-18,14,34,61
8213634,today,2016-05-18,17,45,75
12671803,yesterday,2016-05-19,13,34,34
5334219,3 days ago,2016-05-19,8,15,22
7957393,5 months ago,2016-05-19,0,0,0
9027615,yesterday,2016-05-19,12,42,72
9030735,today,2016-05-19,11,26,52
2802949,yesterday,2016-05-19,24,54,84
747085,4 weeks ago,2016-05-20,7,32,62
4576625,1 week ago,2016-05-21,10,16,28
4612572,3 days ago,2016-05-21,6,16,42
5184766,16 months ago,2016-05-21,0,0,0
1045667,3 months ago,2016-05-21,0,11,41
7348308,2 months ago,2016-05-17,0,0,0
3166947,today,2016-05-17,9,11,11
12072343,2 weeks ago,2016-05-17,3,9,26
12761953,a week ago,2016-05-18,12,42,71
12771796,3 days ago,2016-05-18,1,2,2
2653512,today,2016-05-18,8,22,44
7931953,2 days ago,2016-05-18,7,24,50
9010867,today,2016-05-19,5,16,34
1737365,yesterday,2016-05-19,4,16,46
2827887,5 weeks ago,2016-05-20,0,0,3
12274820,5 weeks ago,2016-05-20,15,36,66
10189224,5 months ago,2016-05-20,0,0,0
12360019,5 weeks ago,2016-05-20,30,60,90
9151471,7 weeks ago,2016-05-20,0,0,0
8126877,2 months ago,2016-05-20,0,0,0
4992412,6 weeks ago,2016-05-20,0,0,3
12901481,4 days ago,2016-05-20,14,39,69
2942068,6 weeks ago,2016-05-20,0,0,3
6156061,3 days ago,2016-05-21,13,26,48
7744402,4 months ago,2016-05-21,0,0,0
921485,today,2016-05-21,2,2,23
5218861,6 months ago,2016-05-21,0,0,0
4554445,a week ago,2016-05-17,9,17,25
9526342,a week ago,2016-05-17,30,60,90
10599633,5 days ago,2016-05-17,5,15,43
10343072,a week ago,2016-05-18,0,0,23
7576082,7 months ago,2016-05-18,0,0,0
11984652,yesterday,2016-05-18,0,15,15
7594762,6 days ago,2016-05-18,21,45,75
5769722,14 months ago,2016-05-18,0,0,0
4795609,a week ago,2016-05-18,0,0,8
9523086,yesterday,2016-05-19,16,36,66
4817072,2 weeks ago,2016-05-19,6,19,35
11123088,today,2016-05-19,8,21,51
665622,4 days ago,2016-05-19,5,17,33
8086875,yesterday,2016-05-20,15,34,53
9387873,5 months ago,2016-05-20,0,0,0
4516278,3 months ago,2016-05-20,0,9,39
1909813,today,2016-05-20,0,0,17
6671563,10 months ago,2016-05-21,0,0,0
7205403,yesterday,2016-05-21,6,13,43
10923097,3 days ago,2016-05-21,0,0,0
12377085,5 weeks ago,2016-05-21,0,0,0
9951890,yesterday,2016-05-21,9,17,47
9431190,a week ago,2016-05-21,23,43,73
10312401,2 months ago,2016-05-17,30,60,90
8226466,7 months ago,2016-05-17,0,0,0
12672697,3 weeks ago,2016-05-17,20,45,75
9577921,6 weeks ago,2016-05-17,0,0,0
12848712,3 days ago,2016-05-18,10,32,62
4270789,6 weeks ago,2016-05-17,8,11,24
535477,today,2016-05-18,13,40,67
6370140,4 weeks ago,2016-05-17,14,44,74
6845267,yesterday,2016-05-18,1,8,26
4725188,today,2016-05-18,12,35,62
568201,today,2016-05-18,16,42,69
10010577,today,2016-05-18,7,31,61
9011715,6 months ago,2016-05-19,0,0,0
632709,today,2016-05-19,11,20,31
12252707,yesterday,2016-05-19,1,7,11
8664469,3 weeks ago,2016-05-20,16,26,54
9315578,2 weeks ago,2016-05-21,0,0,0
8372001,3 days ago,2016-05-21,11,39,64
9165891,today,2016-05-21,9,17,29
7350733,today,2016-05-17,4,14,44
11850633,a week ago,2016-05-17,4,4,7
11603999,today,2016-05-17,8,27,51
7562368,today,2016-05-18,3,3,7
9971416,yesterday,2016-05-18,0,0,4
10598112,today,2016-05-19,12,21,38
10075777,3 weeks ago,2016-05-19,0,0,0
11125756,3 weeks ago,2016-05-19,0,0,1
5905780,today,2016-05-19,1,5,19
9090532,4 months ago,2016-05-19,0,0,0
10135618,3 weeks ago,2016-05-20,0,0,0
5184721,today,2016-05-20,13,15,28
10177568,3 weeks ago,2016-05-20,0,1,1
10262771,6 weeks ago,2016-05-20,0,1,1
2442078,5 weeks ago,2016-05-20,1,1,1
9846287,6 months ago,2016-05-21,12,32,53
10363495,today,2016-05-21,6,8,28
8290092,today,2016-05-21,0,8,23
8310680,8 months ago,2016-05-21,30,60,90
8848809,5 days ago,2016-05-21,7,32,62
9409220,4 months ago,2016-05-21,6,6,26
6278438,today,2016-05-21,4,15,25
7869191,3 days ago,2016-05-17,0,4,4
11370833,4 days ago,2016-05-17,5,5,9
39405,today,2016-05-17,7,23,39
4297028,2 months ago,2016-05-17,0,0,0
7497461,yesterday,2016-05-17,5,19,43
12753345,5 days ago,2016-05-18,1,10,10
7515713,3 weeks ago,2016-05-18,1,4,10
11038840,yesterday,2016-05-18,0,8,26
1622963,2 weeks ago,2016-05-18,4,4,28
604803,3 weeks ago,2016-05-19,8,33,61
10101533,5 weeks ago,2016-05-19,0,0,0
11388511,a week ago,2016-05-19,0,0,0
12913640,a week ago,2016-05-20,0,7,20
10855586,5 days ago,2016-05-21,17,34,49
10836838,today,2016-05-20,2,5,5
4895802,a week ago,2016-05-19,13,24,47
3183154,4 days ago,2016-05-17,21,36,36
9520316,6 weeks ago,2016-05-17,0,0,0
11048504,today,2016-05-18,6,18,43
1363517,2 weeks ago,2016-05-18,0,1,1
6653311,today,2016-05-18,28,54,84
8994152,5 days ago,2016-05-19,0,0,4
9009513,2 days ago,2016-05-19,1,3,3
12169927,2 days ago,2016-05-19,11,16,34
2776307,today,2016-05-19,6,30,60
7651907,4 months ago,2016-05-19,0,0,0
7075232,today,2016-05-20,3,3,3
8129203,8 months ago,2016-05-20,0,0,0
7660571,yesterday,2016-05-20,26,53,83
12949277,2 weeks ago,2016-05-21,0,0,18
3521021,3 months ago,2016-05-21,0,0,0
12466765,3 days ago,2016-05-21,3,10,27
12567599,2 days ago,2016-05-21,28,58,88
10568492,yesterday,2016-05-17,8,15,43
8459946,2 days ago,2016-05-17,20,50,77
4099965,2 weeks ago,2016-05-17,0,0,4
6424700,4 weeks ago,2016-05-17,1,1,1
7615654,yesterday,2016-05-18,7,26,56
4777412,4 months ago,2016-05-18,1,1,1
6554869,5 weeks ago,2016-05-20,24,54,84
12931469,2 weeks ago,2016-05-20,6,9,13
7715744,today,2016-05-21,16,46,76
10789550,today,2016-05-20,0,0,0
12422525,a week ago,2016-05-21,3,18,40
5682860,11 months ago,2016-05-21,30,60,90
6767526,4 months ago,2016-05-21,0,0,0
1313699,3 months ago,2016-05-18,0,2,13
3562277,7 months ago,2016-05-21,30,60,90
2175370,a week ago,2016-05-17,0,28,58
7562015,8 months ago,2016-05-18,0,0,0
12805325,5 days ago,2016-05-18,7,10,20
8011083,today,2016-05-19,20,48,60
12247042,a week ago,2016-05-19,2,5,5
6239882,5 months ago,2016-05-20,0,0,0
1901266,today,2016-05-20,12,35,65
1900638,today,2016-05-21,9,10,23
4388134,yesterday,2016-05-18,21,51,81
7601363,7 weeks ago,2016-05-20,0,0,0
8479577,5 weeks ago,2016-05-17,0,9,39
1640756,5 weeks ago,2016-05-18,0,16,46
8026291,3 months ago,2016-05-19,28,58,88
3883045,today,2016-05-20,8,18,28
9393233,6 months ago,2016-05-20,0,0,0
10270413,5 months ago,2016-05-20,30,60,90
11475047,today,2016-05-21,1,7,13
12002133,2 months ago,2016-05-21,0,0,19
7691533,yesterday,2016-05-17,4,4,11
6819641,today,2016-05-17,8,12,37
7378277,2 weeks ago,2016-05-17,0,15,45
7020393,2 weeks ago,2016-05-20,9,10,10
8072679,3 days ago,2016-05-20,13,41,70
7113516,4 weeks ago,2016-05-20,1,1,1
9837827,5 weeks ago,2016-05-21,9,30,48
11987780,2 months ago,2016-05-21,20,37,37
12889829,a week ago,2016-05-20,10,31,61
12828355,today,2016-05-18,6,22,31
12990416,yesterday,2016-05-21,5,5,5
7699837,10 months ago,2016-05-17,0,0,0
81540,7 weeks ago,2016-05-17,0,1,1
1917240,2 days ago,2016-05-20,27,54,75
8403592,6 weeks ago,2016-05-17,0,0,0
10088031,6 days ago,2016-05-19,4,14,27
8863856,3 months ago,2016-05-20,0,0,0
9169634,a week ago,2016-05-20,14,28,46
4484518,5 months ago,2016-05-20,0,0,0
8307242,3 months ago,2016-05-21,0,0,0
11591325,2 weeks ago,2016-05-17,0,15,45
8632361,3 days ago,2016-05-21,4,8,15
3338717,yesterday,2016-05-18,6,6,6
9080234,today,2016-05-19,0,12,35
7195389,4 weeks ago,2016-05-18,10,40,40
8632796,2 days ago,2016-05-18,5,5,20
9012104,today,2016-05-19,5,12,26
8188211,yesterday,2016-05-20,3,8,27
1433264,1 week ago,2016-05-21,7,10,17
1525797,3 weeks ago,2016-05-21,1,1,1
12701263,today,2016-05-17,7,17,17
7144284,5 weeks ago,2016-05-20,0,0,17
6923342,today,2016-05-19,14,43,73
9032837,7 months ago,2016-05-19,0,0,0
12293837,2 weeks ago,2016-05-20,24,50,68
8151996,4 months ago,2016-05-20,0,0,0
8172158,2 months ago,2016-05-20,19,49,79
6145472,4 weeks ago,2016-05-21,16,46,76
1535614,today,2016-05-21,20,47,77
1500142,yesterday,2016-05-21,5,35,65
11482690,6 days ago,2016-05-21,20,50,80
11852536,2 months ago,2016-05-21,0,0,0
3191634,3 weeks ago,2016-05-17,5,17,35
7264481,7 months ago,2016-05-17,0,0,0
3278216,4 weeks ago,2016-05-17,22,41,68
1223612,4 weeks ago,2016-05-18,12,40,70
4386956,a week ago,2016-05-18,15,31,61
12909509,yesterday,2016-05-20,2,5,8
1785877,yesterday,2016-05-20,10,40,59
6601979,2 weeks ago,2016-05-20,0,0,17
4030293,14 months ago,2016-05-21,22,51,80
8753992,2 days ago,2016-05-21,0,0,0
1493056,today,2016-05-21,0,6,14
9343113,6 months ago,2016-05-21,0,0,0
7836908,3 days ago,2016-05-21,9,21,51
1223593,4 weeks ago,2016-05-18,15,43,73
4729403,2 weeks ago,2016-05-17,8,16,31
9649276,5 days ago,2016-05-18,0,0,0
9511725,3 weeks ago,2016-05-17,0,0,0
1733052,6 weeks ago,2016-05-19,3,7,13
8718686,4 weeks ago,2016-05-21,2,2,2
9027892,4 weeks ago,2016-05-19,7,30,42
10598002,today,2016-05-17,13,27,57
4376521,a week ago,2016-05-18,8,38,68
217678,3 weeks ago,2016-05-18,14,35,65
9697900,5 months ago,2016-05-18,0,0,0
12122624,7 weeks ago,2016-05-18,30,60,90
7939562,yesterday,2016-05-18,0,11,11
2022335,a week ago,2016-05-19,16,43,73
9104891,4 weeks ago,2016-05-19,0,0,0
7094946,5 months ago,2016-05-20,30,60,90
3425200,4 months ago,2016-05-20,0,0,0
9236772,3 days ago,2016-05-20,1,14,35
12910612,2 weeks ago,2016-05-20,29,59,89
11482072,today,2016-05-21,11,32,62
4554803,today,2016-05-17,23,47,73
4555439,today,2016-05-17,12,34,51
8443435,5 days ago,2016-05-17,2,2,2
8565944,yesterday,2016-05-18,0,2,7
7886484,2 months ago,2016-05-18,11,26,47
5696654,today,2016-05-19,12,30,60
1736754,a week ago,2016-05-20,15,40,70
4555133,today,2016-05-21,19,43,73
4555037,today,2016-05-21,16,43,69
4555341,today,2016-05-21,9,20,30
11922767,yesterday,2016-05-21,10,35,65
3585931,4 days ago,2016-05-21,3,6,6
4692525,2 days ago,2016-05-21,3,17,47
10475577,7 weeks ago,2016-05-21,3,13,31
11530813,3 days ago,2016-05-21,0,0,7
4555222,today,2016-05-21,25,53,74
8390634,7 months ago,2016-05-17,0,0,0
4339474,a week ago,2016-05-17,1,1,1
12792668,today,2016-05-18,1,17,41
9302836,2 weeks ago,2016-05-18,10,27,45
12846071,today,2016-05-18,0,16,44
5820304,5 days ago,2016-05-18,3,3,3
8338364,4 weeks ago,2016-05-20,2,12,28
9757954,4 months ago,2016-05-20,0,0,0
9901795,2 months ago,2016-05-21,23,46,76
9436260,3 days ago,2016-05-21,0,0,0
3858814,a week ago,2016-05-19,2,4,4
6348838,6 days ago,2016-05-17,1,12,35
6661713,5 weeks ago,2016-05-17,0,7,17
12836504,yesterday,2016-05-18,4,4,19
7937407,today,2016-05-18,11,37,58
7951430,today,2016-05-19,10,26,44
7047991,today,2016-05-20,19,39,69
10749852,4 months ago,2016-05-20,0,0,0
9217136,2 weeks ago,2016-05-20,14,31,57
7131495,today,2016-05-20,17,42,72
8722213,7 months ago,2016-05-20,0,0,0
8786283,today,2016-05-21,20,42,72
953346,yesterday,2016-05-21,14,39,69
11295755,2 months ago,2016-05-19,0,0,0
12972183,today,2016-05-18,30,60,90
7460587,today,2016-05-17,6,15,43
7810645,a week ago,2016-05-19,0,7,10
9530691,6 months ago,2016-05-17,30,60,90
7192369,3 days ago,2016-05-18,4,27,57
7068402,6 days ago,2016-05-20,10,34,64
9031082,3 days ago,2016-05-19,0,17,47
12963215,yesterday,2016-05-18,0,0,6
10021154,today,2016-05-18,12,16,27
2957097,today,2016-05-19,5,9,20
6585381,4 weeks ago,2016-05-20,0,0,0
2487185,today,2016-05-21,11,16,26
2424733,3 days ago,2016-05-21,3,11,21
4242084,5 weeks ago,2016-05-17,0,0,0
9629537,5 days ago,2016-05-18,15,45,75
3757586,5 weeks ago,2016-05-19,10,10,10
12324346,a week ago,2016-05-20,17,47,77
12709174,a week ago,2016-05-17,1,1,1
11621620,5 days ago,2016-05-17,1,1,1
5447744,yesterday,2016-05-18,8,15,15
5447746,2 weeks ago,2016-05-18,0,0,0
3791631,today,2016-05-19,9,31,57
972976,3 days ago,2016-05-21,13,40,70
8482535,8 months ago,2016-05-17,29,59,89
182353,4 days ago,2016-05-18,0,0,2
10057786,today,2016-05-19,16,43,71
6975957,4 months ago,2016-05-19,0,0,0
7673636,7 months ago,2016-05-20,14,14,19
12794679,today,2016-05-18,20,47,63
8107706,8 months ago,2016-05-20,28,58,88
12134876,a week ago,2016-05-18,30,60,90
1171750,today,2016-05-17,3,5,6
12813456,today,2016-05-18,0,8,38
11089270,a week ago,2016-05-18,6,14,24
11031305,a week ago,2016-05-18,10,10,24
5821311,10 months ago,2016-05-19,30,60,90
10878200,1 week ago,2016-05-21,9,16,32
10930309,4 months ago,2016-05-18,14,29,45
12194501,7 weeks ago,2016-05-19,16,46,67
10710685,yesterday,2016-05-18,18,37,60
7921531,3 weeks ago,2016-05-18,24,54,84
11456969,3 weeks ago,2016-05-21,5,33,56
12954144,2 weeks ago,2016-05-21,16,21,39
3972529,today,2016-05-20,13,33,62
9604653,3 months ago,2016-05-18,30,60,90
7574325,6 days ago,2016-05-18,0,0,0
4121643,3 months ago,2016-05-21,0,10,40
10477970,a week ago,2016-05-21,0,5,28
11912086,today,2016-05-19,17,47,62
8135312,6 weeks ago,2016-05-20,29,59,89
9865140,4 weeks ago,2016-05-21,6,16,26
11824283,2 weeks ago,2016-05-20,0,0,0
11823596,a week ago,2016-05-20,17,43,72
9693756,4 months ago,2016-05-18,0,0,0
8190769,4 months ago,2016-05-20,0,0,0
8309011,4 weeks ago,2016-05-21,28,58,88
12445924,a week ago,2016-05-21,4,18,48
11873653,never,2016-05-17,0,0,0
6017776,5 weeks ago,2016-05-20,6,21,41
8718728,today,2016-05-20,8,21,48
2694533,8 months ago,2016-05-18,30,60,90
7461833,1 week ago,2016-05-19,10,30,56
11544160,3 days ago,2016-05-17,16,37,63
12853583,today,2016-05-18,17,47,77
3752358,today,2016-05-19,17,47,77
9563613,5 weeks ago,2016-05-17,0,15,45
12360525,a week ago,2016-05-20,0,4,34
12955814,a week ago,2016-05-21,20,50,79
5423504,3 days ago,2016-05-19,0,0,10
10118833,7 weeks ago,2016-05-19,0,0,10
2139342,today,2016-05-17,7,13,26
2216969,today,2016-05-17,3,9,20
4574082,4 days ago,2016-05-18,17,42,68
7305805,5 days ago,2016-05-18,4,22,52
11691732,a week ago,2016-05-19,30,60,90
6574455,4 days ago,2016-05-20,30,57,87
6623325,a week ago,2016-05-20,17,42,72
12723974,today,2016-05-17,25,55,85
11065664,3 days ago,2016-05-18,26,56,86
8409119,4 months ago,2016-05-17,0,0,0
8841281,4 days ago,2016-05-19,5,5,5
9297865,6 weeks ago,2016-05-20,0,0,0
9362632,6 months ago,2016-05-21,30,60,90
9532115,6 months ago,2016-05-17,0,0,0
9392339,6 months ago,2016-05-21,0,0,0
10788598,2 weeks ago,2016-05-20,30,60,90
11870166,5 days ago,2016-05-20,13,32,62
8628744,a week ago,2016-05-18,0,0,5
5508545,yesterday,2016-05-18,2,10,35
2061222,3 weeks ago,2016-05-21,0,10,24
12636145,yesterday,2016-05-17,10,37,58
5921927,10 months ago,2016-05-19,28,58,88
993002,2 weeks ago,2016-05-21,8,28,58
8292743,6 days ago,2016-05-21,2,13,30
12285777,3 days ago,2016-05-21,13,23,39
10722117,2 weeks ago,2016-05-18,10,30,53
11126219,a week ago,2016-05-19,13,29,51
6143167,3 weeks ago,2016-05-19,26,56,86
8906363,2 weeks ago,2016-05-21,24,54,84
8922901,6 weeks ago,2016-05-18,16,46,76
1471740,5 weeks ago,2016-05-21,0,0,0
964687,4 days ago,2016-05-21,18,31,61
12002460,5 days ago,2016-05-21,18,40,57
4350594,6 weeks ago,2016-05-17,5,5,5
10231482,2 days ago,2016-05-20,0,0,0
7582281,9 months ago,2016-05-21,0,0,0
4913490,2 days ago,2016-05-19,6,6,6
4992280,today,2016-05-20,0,0,0
4457604,5 weeks ago,2016-05-18,25,52,82
8292806,today,2016-05-18,9,23,53
1733105,1 week ago,2016-05-19,30,60,90
8164176,today,2016-05-20,28,58,88
7247567,4 weeks ago,2016-05-21,22,49,68
12872227,yesterday,2016-05-19,17,47,77
6957313,a week ago,2016-05-19,4,4,5
12022803,3 days ago,2016-05-20,7,30,60
4173809,14 months ago,2016-05-21,30,60,90
7420484,a week ago,2016-05-17,17,34,64
5347637,today,2016-05-17,4,10,29
9075201,3 days ago,2016-05-20,11,41,71
12409320,2 weeks ago,2016-05-20,0,14,41
7336200,6 weeks ago,2016-05-21,15,45,75
9394240,5 months ago,2016-05-17,0,0,0
756594,2 weeks ago,2016-05-20,11,22,22
11998608,6 days ago,2016-05-21,9,21,51
4758581,4 days ago,2016-05-18,3,12,20
10068563,a week ago,2016-05-19,0,0,0
3800611,3 days ago,2016-05-19,22,47,75
8084258,2 weeks ago,2016-05-20,0,0,17
4066301,3 days ago,2016-05-21,19,39,69
2091859,8 months ago,2016-05-21,0,0,0
6364990,a week ago,2016-05-17,12,12,12
10593026,2 months ago,2016-05-17,22,46,76
6972938,6 days ago,2016-05-19,13,35,65
10244515,yesterday,2016-05-20,10,25,33
11870205,never,2016-05-20,0,0,0
8756118,5 months ago,2016-05-21,30,60,90
7207445,5 weeks ago,2016-05-21,15,45,75
11690656,yesterday,2016-05-17,10,30,56
4504068,3 days ago,2016-05-20,5,21,48
4677497,5 weeks ago,2016-05-21,0,0,0
1637744,a week ago,2016-05-18,6,26,56
7116284,1 week ago,2016-05-20,13,43,68
7149390,1 week ago,2016-05-20,16,20,20
10042709,4 weeks ago,2016-05-19,0,0,0
9797489,yesterday,2016-05-21,7,20,46
192430,2 days ago,2016-05-17,21,51,81
4142685,today,2016-05-21,10,28,54
10493089,5 weeks ago,2016-05-17,28,42,42
11478878,today,2016-05-19,14,31,58
8248031,3 weeks ago,2016-05-21,13,43,63
12974008,yesterday,2016-05-21,3,5,14
3053155,yesterday,2016-05-21,8,8,8
5326743,a week ago,2016-05-17,11,21,31
8383517,today,2016-05-17,19,44,69
12824827,3 days ago,2016-05-20,2,4,4
10772480,today,2016-05-20,0,0,2
3979810,yesterday,2016-05-20,4,6,12
10809816,today,2016-05-20,0,0,11
10810236,today,2016-05-20,0,0,2
7199544,5 days ago,2016-05-21,9,24,52
5576830,yesterday,2016-05-21,0,4,6
6793359,2 days ago,2016-05-18,7,7,10
688672,2 weeks ago,2016-05-19,7,7,14
688725,2 weeks ago,2016-05-19,0,0,0
687904,a week ago,2016-05-19,0,0,0
12539272,5 weeks ago,2016-05-21,0,0,0
11213750,today,2016-05-18,9,25,39
12386964,5 weeks ago,2016-05-20,11,27,57
9678785,4 weeks ago,2016-05-18,4,5,5
11326090,2 weeks ago,2016-05-20,1,1,18
3803232,2 weeks ago,2016-05-19,18,48,61
10345015,5 days ago,2016-05-21,4,4,4
9093659,5 days ago,2016-05-17,10,13,34
9477428,3 weeks ago,2016-05-17,8,8,8
3406344,6 weeks ago,2016-05-18,19,37,59
4121807,9 months ago,2016-05-17,28,58,86
5785363,4 days ago,2016-05-18,13,15,15
2915068,2 weeks ago,2016-05-20,13,15,35
8634449,3 weeks ago,2016-05-20,3,16,34
13003785,3 days ago,2016-05-21,0,19,49
9509185,today,2016-05-17,21,25,25
662390,a week ago,2016-05-19,6,13,29
10138362,6 days ago,2016-05-19,5,22,45
10140169,a week ago,2016-05-19,6,6,23
776434,2 weeks ago,2016-05-20,5,6,16
11850827,3 weeks ago,2016-05-21,0,1,1
7344538,1 week ago,2016-05-17,3,14,16
8907590,5 months ago,2016-05-21,0,0,0
6905,7 months ago,2016-05-17,30,60,90
9593689,today,2016-05-17,5,22,22
1693581,3 days ago,2016-05-19,5,18,46
8066392,3 days ago,2016-05-19,1,6,15
1352463,3 months ago,2016-05-20,0,6,6
6288460,3 months ago,2016-05-17,0,0,0
3960763,3 days ago,2016-05-19,8,25,55
3869059,3 months ago,2016-05-19,23,53,83
3869612,4 weeks ago,2016-05-19,14,37,62
7036872,5 weeks ago,2016-05-20,7,12,17
11318224,2 months ago,2016-05-20,0,0,0
7763779,9 months ago,2016-05-21,0,0,0
1103346,2 weeks ago,2016-05-17,0,5,5
6424367,yesterday,2016-05-17,23,36,66
8713119,a week ago,2016-05-19,16,46,76
10659607,4 weeks ago,2016-05-18,20,45,74
5797309,3 days ago,2016-05-18,3,33,63
6778102,3 weeks ago,2016-05-19,0,26,56
5902655,a week ago,2016-05-19,15,45,75
6089788,7 weeks ago,2016-05-20,1,3,7
5650314,a week ago,2016-05-21,23,45,75
9709520,today,2016-05-18,8,12,37
11165012,3 months ago,2016-05-19,0,0,5
6355337,2 months ago,2016-05-17,25,41,71
7934441,4 months ago,2016-05-18,0,0,17
4956250,2 weeks ago,2016-05-20,0,13,14
6715037,4 months ago,2016-05-21,30,60,90
7413133,2 weeks ago,2016-05-17,14,39,67
978943,6 weeks ago,2016-05-19,30,60,90
11160987,today,2016-05-20,0,0,0
7840494,3 days ago,2016-05-21,22,52,82
12229558,today,2016-05-19,7,11,19
10598339,today,2016-05-17,1,1,1
9591731,2 days ago,2016-05-17,12,27,41
9372481,yesterday,2016-05-21,12,29,47
10426535,a week ago,2016-05-21,13,29,52
2660397,a week ago,2016-05-19,3,10,16
9718806,6 weeks ago,2016-05-20,0,0,0
11871406,5 days ago,2016-05-21,17,47,77
6732019,today,2016-05-18,15,39,62
12543203,5 days ago,2016-05-21,8,25,55
5229866,3 weeks ago,2016-05-21,3,13,22
3310778,2 months ago,2016-05-18,12,42,72
10344558,5 weeks ago,2016-05-19,0,2,2
11305835,4 weeks ago,2016-05-20,30,60,90
9956927,2 weeks ago,2016-05-19,4,14,16
12291045,3 days ago,2016-05-20,3,33,63
12892908,1 week ago,2016-05-20,10,33,58
10415529,today,2016-05-21,6,8,23
9678180,2 weeks ago,2016-05-18,7,10,18
9593518,2 months ago,2016-05-19,11,31,52
245185,3 weeks ago,2016-05-20,4,4,4
9342176,a week ago,2016-05-21,4,8,18
9512789,today,2016-05-17,13,25,25
7912052,4 days ago,2016-05-18,4,22,49
11400702,3 months ago,2016-05-21,0,0,0
9489556,5 days ago,2016-05-17,3,3,3
7421339,9 months ago,2016-05-17,0,0,0
3404651,a week ago,2016-05-18,0,13,15
2721910,a week ago,2016-05-19,23,30,40
5997344,2 weeks ago,2016-05-20,0,2,2
6625868,3 weeks ago,2016-05-20,11,28,42
3487191,2 weeks ago,2016-05-20,9,26,56
3992452,5 days ago,2016-05-21,24,44,71
8105367,2 weeks ago,2016-05-21,19,49,79
2525011,a week ago,2016-05-21,18,43,69
10540405,3 months ago,2016-05-17,8,29,59
4332608,13 months ago,2016-05-17,0,0,0
254702,a week ago,2016-05-18,15,15,25
11044473,today,2016-05-18,5,15,23
3458486,3 days ago,2016-05-18,2,5,9
12169776,today,2016-05-19,16,23,24
10946289,6 weeks ago,2016-05-19,15,45,74
12207211,3 days ago,2016-05-19,25,27,27
12206708,yesterday,2016-05-19,4,4,4
10017113,5 months ago,2016-05-18,0,0,0
6901243,today,2016-05-19,12,21,22
5959721,yesterday,2016-05-19,0,18,41
10222895,2 weeks ago,2016-05-20,16,39,66
11318245,today,2016-05-20,16,46,76
5586486,today,2016-05-20,7,14,14
4219371,today,2016-05-17,13,21,37
1082572,6 days ago,2016-05-17,8,18,28
183518,6 days ago,2016-05-18,9,19,19
4545539,a week ago,2016-05-18,6,22,47
6730800,yesterday,2016-05-18,8,17,35
7899712,8 months ago,2016-05-18,21,46,76
1627585,3 months ago,2016-05-18,12,42,72
8849497,4 months ago,2016-05-19,0,0,0
12321623,4 weeks ago,2016-05-20,17,47,77
6030901,a week ago,2016-05-20,6,23,37
839422,yesterday,2016-05-20,0,1,25
370209,3 weeks ago,2016-05-21,8,38,68
2146050,a week ago,2016-05-17,6,13,20
10574662,today,2016-05-17,24,50,80
6725054,6 months ago,2016-05-18,0,0,0
7010341,today,2016-05-19,16,37,64
11228397,4 days ago,2016-05-20,1,1,1
3917345,5 weeks ago,2016-05-20,13,18,18
10802368,4 weeks ago,2016-05-20,0,0,0
866145,yesterday,2016-05-20,2,26,45
2979736,today,2016-05-21,12,24,46
7198928,10 months ago,2016-05-21,0,0,0
9165337,3 weeks ago,2016-05-21,3,4,4
8900843,a week ago,2016-05-21,0,6,6
4144862,a week ago,2016-05-18,3,9,25
769437,2 weeks ago,2016-05-20,2,2,19
6587980,5 days ago,2016-05-20,1,1,11
8173965,6 weeks ago,2016-05-20,13,15,45
12948807,today,2016-05-21,4,6,6
7601122,today,2016-05-18,17,39,64
10608209,3 weeks ago,2016-05-20,0,1,1
3898734,today,2016-05-20,3,21,51
8325892,4 months ago,2016-05-21,0,0,0
8597424,3 weeks ago,2016-05-18,3,15,39
4862881,today,2016-05-19,5,31,59
4862921,2 weeks ago,2016-05-19,14,39,69
5839318,7 weeks ago,2016-05-19,4,4,6
10019067,today,2016-05-20,5,5,22
11323630,today,2016-05-20,18,43,73
11342232,today,2016-05-20,15,45,75
9330036,6 months ago,2016-05-21,0,0,0
5271821,a week ago,2016-05-17,15,30,45
4287902,15 months ago,2016-05-17,30,60,90
12756222,today,2016-05-18,11,41,71
8594149,3 months ago,2016-05-18,30,60,90
6576212,1 week ago,2016-05-20,8,8,8
11319556,today,2016-05-20,12,42,72
11343629,today,2016-05-20,16,43,73
8271792,6 weeks ago,2016-05-21,3,3,3
4191778,2 weeks ago,2016-05-21,6,25,55
11081205,6 weeks ago,2016-05-18,0,0,0
8741437,a week ago,2016-05-20,24,42,66
2659467,3 weeks ago,2016-05-18,30,60,90
3463164,3 months ago,2016-05-20,29,59,89
7989324,3 months ago,2016-05-19,2,2,6
9042367,yesterday,2016-05-19,1,1,1
1551776,3 weeks ago,2016-05-21,0,0,0
4766503,6 weeks ago,2016-05-18,4,23,51
12592099,a week ago,2016-05-17,0,0,8
7403454,6 months ago,2016-05-17,0,0,0
8924525,6 weeks ago,2016-05-18,0,14,44
1251778,5 days ago,2016-05-18,10,17,33
12407635,2 weeks ago,2016-05-20,0,0,11
930336,8 months ago,2016-05-21,30,60,90
9841693,never,2016-05-21,28,58,88
5161819,16 months ago,2016-05-21,30,60,90
8741171,7 months ago,2016-05-17,30,60,90
7848992,never,2016-05-21,30,60,90
6361306,2 weeks ago,2016-05-17,8,19,26
8968280,4 months ago,2016-05-18,0,0,0
10282342,2 months ago,2016-05-20,0,0,0
12811405,6 days ago,2016-05-18,19,33,63
10151953,5 months ago,2016-05-19,0,0,0
10208899,4 months ago,2016-05-20,16,46,70
12456463,3 weeks ago,2016-05-21,30,60,90
7780920,5 weeks ago,2016-05-21,4,4,9
12211839,3 weeks ago,2016-05-19,2,2,2
7206600,yesterday,2016-05-20,20,50,80
852934,today,2016-05-21,10,23,42
1996266,today,2016-05-21,29,59,89
2003626,today,2016-05-21,21,46,76
1873475,4 months ago,2016-05-20,30,60,90
4001326,4 months ago,2016-05-20,30,60,90
11521210,today,2016-05-21,30,60,90
11640056,2 weeks ago,2016-05-17,30,60,90
196096,today,2016-05-17,9,9,9
194325,today,2016-05-18,7,7,7
196677,4 weeks ago,2016-05-18,8,8,8
196106,today,2016-05-18,7,7,7
4958764,a week ago,2016-05-20,9,10,33
4294398,today,2016-05-17,16,31,58
6578731,3 days ago,2016-05-20,30,60,90
2117528,2 months ago,2016-05-17,30,60,90
3688884,2 months ago,2016-05-17,30,60,90
10709107,3 days ago,2016-05-18,10,32,32
3768934,2 months ago,2016-05-19,30,60,90
5642967,a week ago,2016-05-19,28,58,88
2803700,5 weeks ago,2016-05-19,11,21,39
8748403,3 weeks ago,2016-05-21,30,58,88
10500429,today,2016-05-17,0,15,45
9595212,3 weeks ago,2016-05-17,15,45,75
7545556,3 days ago,2016-05-18,0,16,46
6562130,3 days ago,2016-05-18,10,25,37
7938169,today,2016-05-18,4,20,50
8089319,5 weeks ago,2016-05-20,27,57,87
12867879,2 weeks ago,2016-05-20,30,60,90
4494422,3 months ago,2016-05-20,0,25,55
7771779,5 days ago,2016-05-21,0,19,49
8596825,a week ago,2016-05-18,25,55,85
9944159,5 months ago,2016-05-18,29,59,89
9999746,5 months ago,2016-05-18,0,0,0
4862383,yesterday,2016-05-19,16,32,62
10472013,4 months ago,2016-05-21,30,60,90
8267327,5 months ago,2016-05-21,30,60,90
2998222,4 weeks ago,2016-05-18,11,17,28
6553657,3 months ago,2016-05-20,11,20,44
11850164,today,2016-05-20,16,37,67
9197661,2 days ago,2016-05-20,0,0,0
8112018,today,2016-05-20,0,0,0
9388105,5 months ago,2016-05-21,0,0,0
9110814,3 weeks ago,2016-05-19,0,0,0
4000203,9 months ago,2016-05-20,30,60,90
5308252,3 months ago,2016-05-17,8,38,68
12223934,yesterday,2016-05-19,1,8,31
4636172,4 months ago,2016-05-18,0,0,11
4363475,8 months ago,2016-05-18,30,60,90
9682153,yesterday,2016-05-18,0,16,46
12829581,2 weeks ago,2016-05-18,29,59,89
8131278,9 months ago,2016-05-18,28,58,88
12492803,yesterday,2016-05-21,6,6,6
10751685,4 months ago,2016-05-18,0,0,0
10282427,3 months ago,2016-05-20,0,0,0
3466599,4 months ago,2016-05-21,26,56,86
7366914,3 weeks ago,2016-05-17,13,15,45
973103,a week ago,2016-05-18,0,1,2
5537126,today,2016-05-19,5,5,6
12186504,a week ago,2016-05-19,6,36,66
6971293,2 weeks ago,2016-05-19,0,10,10
9940641,never,2016-05-21,30,60,90
10161676,yesterday,2016-05-19,12,12,36
8093307,7 months ago,2016-05-20,29,59,89
12358401,6 weeks ago,2016-05-20,30,60,90
10363917,2 months ago,2016-05-21,0,0,0
8908739,4 months ago,2016-05-21,0,0,0
11656720,yesterday,2016-05-17,0,0,0
11676326,2 months ago,2016-05-17,30,60,90
9896887,3 months ago,2016-05-21,13,23,29
5826272,8 months ago,2016-05-18,24,54,84
9362603,5 days ago,2016-05-21,0,0,0
10907902,4 weeks ago,2016-05-21,0,3,12
11586333,a week ago,2016-05-17,6,6,6
11138333,today,2016-05-19,8,38,68
9299143,5 months ago,2016-05-21,23,53,83
4556490,6 days ago,2016-05-21,1,17,47
12855243,2 weeks ago,2016-05-20,29,59,89
7595794,2 weeks ago,2016-05-18,30,60,90
12977805,never,2016-05-20,30,60,90
12565388,4 weeks ago,2016-05-21,0,0,0
9215811,3 months ago,2016-05-20,0,0,0
5600587,6 days ago,2016-05-17,13,42,55
7022073,today,2016-05-20,6,27,56
5288619,6 weeks ago,2016-05-17,27,57,87
12626903,3 weeks ago,2016-05-17,8,38,68
9515152,6 months ago,2016-05-17,30,60,90
10908413,4 months ago,2016-05-21,30,60,90
6090209,today,2016-05-21,23,53,83
2494059,today,2016-05-21,20,47,77
2494693,today,2016-05-21,23,51,81
8165202,2 weeks ago,2016-05-21,26,54,82
7784630,2 weeks ago,2016-05-21,13,35,47
10149132,4 days ago,2016-05-19,1,1,1
10412056,7 weeks ago,2016-05-18,26,56,86
6357849,12 months ago,2016-05-17,0,0,0
7651636,today,2016-05-19,9,22,46
1813896,yesterday,2016-05-20,1,16,32
9695549,today,2016-05-18,16,42,72
3832985,3 days ago,2016-05-19,2,7,10
10810064,today,2016-05-20,0,0,2
6233901,4 days ago,2016-05-21,17,45,75
9408671,5 days ago,2016-05-21,5,5,5
6887911,7 months ago,2016-05-18,0,0,0
4879205,a week ago,2016-05-19,20,40,40
7477952,4 months ago,2016-05-17,0,15,45
2466830,5 months ago,2016-05-21,3,33,63
6344194,12 months ago,2016-05-17,0,0,0
12972083,a week ago,2016-05-18,1,9,9
8102182,a week ago,2016-05-20,0,4,4
10282069,5 weeks ago,2016-05-20,11,11,11
6583429,4 months ago,2016-05-19,0,0,0
7842803,3 weeks ago,2016-05-19,0,0,15
10247222,3 days ago,2016-05-20,6,8,11
9076048,today,2016-05-19,4,17,17
8566977,today,2016-05-18,7,17,34
12707022,a week ago,2016-05-19,23,41,71
12309646,4 weeks ago,2016-05-20,0,0,1
8339830,3 months ago,2016-05-21,0,18,48
8383712,3 months ago,2016-05-21,0,0,0
2338715,3 weeks ago,2016-05-18,0,0,10
6100791,yesterday,2016-05-20,6,7,30
9841390,5 months ago,2016-05-21,0,0,0
3637265,6 months ago,2016-05-21,0,0,0
533263,today,2016-05-17,4,4,4
12405975,5 weeks ago,2016-05-18,0,0,0
12186872,yesterday,2016-05-19,11,32,56
12609143,yesterday,2016-05-17,14,25,41
4411137,5 days ago,2016-05-18,0,0,0
2316002,a week ago,2016-05-18,22,52,82
5831825,yesterday,2016-05-18,2,12,13
9239858,6 months ago,2016-05-19,0,0,0
12344592,a week ago,2016-05-19,6,20,33
5832360,yesterday,2016-05-19,14,22,52
8068678,7 months ago,2016-05-20,0,0,0
12446321,2 weeks ago,2016-05-20,2,7,13
7636802,today,2016-05-20,9,10,22
3448710,today,2016-05-20,13,24,35
9425103,6 months ago,2016-05-21,0,0,0
69699,8 months ago,2016-05-17,30,60,90
6866385,today,2016-05-18,13,27,57
7095915,yesterday,2016-05-19,13,30,60
3953971,2 weeks ago,2016-05-19,16,46,73
5524117,10 months ago,2016-05-20,30,60,90
12929390,a week ago,2016-05-20,28,53,75
364585,3 weeks ago,2016-05-21,14,18,42
7203437,5 days ago,2016-05-21,4,5,14
8810215,yesterday,2016-05-21,11,17,36
9460574,yesterday,2016-05-17,0,0,6
7621586,4 months ago,2016-05-20,5,25,48
7833309,a week ago,2016-05-21,13,22,52
3653819,3 weeks ago,2016-05-21,5,7,7
823343,5 months ago,2016-05-19,0,0,0
9532575,6 months ago,2016-05-17,0,0,0
11301795,today,2016-05-20,9,13,13
9436342,2 days ago,2016-05-21,4,11,26
5825322,6 months ago,2016-05-19,28,50,80
7784054,3 days ago,2016-05-21,16,24,34
9529395,5 weeks ago,2016-05-17,25,55,85
12520232,today,2016-05-19,0,10,10
1179701,today,2016-05-19,11,41,71
3882739,today,2016-05-20,1,7,25
9256290,7 months ago,2016-05-20,1,10,35
8303421,5 weeks ago,2016-05-21,6,18,30
8827770,2 months ago,2016-05-21,0,0,0
6118709,today,2016-05-17,0,26,43
5614405,2 weeks ago,2016-05-17,6,6,6
5470361,6 months ago,2016-05-18,0,0,0
7973722,7 weeks ago,2016-05-19,13,43,73
9899076,a week ago,2016-05-19,3,16,46
7659284,3 weeks ago,2016-05-20,0,0,0
2332029,4 days ago,2016-05-21,2,8,24
13000080,today,2016-05-21,10,26,26
4652716,3 months ago,2016-05-21,19,49,72
8403139,a week ago,2016-05-17,0,7,15
6360201,today,2016-05-17,2,4,25
1145324,3 days ago,2016-05-17,9,39,69
12762251,yesterday,2016-05-18,19,48,75
3353299,3 days ago,2016-05-18,25,39,39
9710417,1 week ago,2016-05-18,2,2,7
9713059,5 months ago,2016-05-18,0,0,0
4698377,4 days ago,2016-05-18,15,37,67
8026528,6 months ago,2016-05-19,0,0,0
13013558,today,2016-05-20,21,47,77
1309117,2 months ago,2016-05-20,0,0,18
7637933,3 days ago,2016-05-20,4,5,5
5668842,6 months ago,2016-05-21,20,49,79
7400530,6 weeks ago,2016-05-17,0,13,43
4234602,2 weeks ago,2016-05-17,0,0,0
9545902,4 months ago,2016-05-17,0,0,0
2226314,3 weeks ago,2016-05-17,0,2,2
2232930,today,2016-05-17,0,3,10
6488535,3 days ago,2016-05-18,3,8,26
8650761,4 days ago,2016-05-18,0,5,10
4857144,4 months ago,2016-05-18,0,0,0
5839828,2 days ago,2016-05-18,11,20,40
6913874,5 days ago,2016-05-19,1,1,12
7618536,6 months ago,2016-05-19,26,56,85
10015153,2 days ago,2016-05-19,7,17,25
7114131,3 weeks ago,2016-05-20,0,0,0
6693899,7 months ago,2016-05-20,0,0,0
6065081,5 months ago,2016-05-20,17,43,73
6635692,2 weeks ago,2016-05-20,11,35,65
12483430,2 weeks ago,2016-05-21,8,35,65
8352843,a week ago,2016-05-21,7,16,26
5604348,a week ago,2016-05-21,2,7,21
8742184,3 months ago,2016-05-17,0,0,0
10528930,a week ago,2016-05-17,2,21,51
8439984,7 months ago,2016-05-17,0,0,0
8444190,4 weeks ago,2016-05-17,16,44,74
12709332,a week ago,2016-05-17,1,2,2
9565272,2 months ago,2016-05-17,30,60,90
2255925,3 weeks ago,2016-05-18,0,0,0
9129481,yesterday,2016-05-18,15,45,75
2628308,yesterday,2016-05-18,2,21,40
5814645,2 weeks ago,2016-05-18,0,6,33
6834383,11 months ago,2016-05-19,0,0,0
8056041,a week ago,2016-05-19,25,55,85
1738161,2 days ago,2016-05-19,4,7,29
10709507,5 weeks ago,2016-05-20,2,8,8
937952,a week ago,2016-05-21,7,24,54
8402415,today,2016-05-17,0,2,11
12654017,yesterday,2016-05-17,0,9,32
8922391,5 months ago,2016-05-18,3,9,30
5804546,3 months ago,2016-05-18,6,25,50
1613659,4 days ago,2016-05-18,19,33,63
8800911,4 months ago,2016-05-18,0,0,0
12129626,5 weeks ago,2016-05-18,0,13,20
6920103,a week ago,2016-05-19,2,4,4
2509926,6 weeks ago,2016-05-19,0,14,29
12871019,a week ago,2016-05-19,1,3,3
5068287,a week ago,2016-05-20,11,13,22
8843025,4 months ago,2016-05-21,0,0,0
5185375,4 months ago,2016-05-21,5,12,33
12201690,3 weeks ago,2016-05-19,15,39,69
9503881,3 weeks ago,2016-05-17,0,2,10
8523521,a week ago,2016-05-17,15,30,51
6445554,yesterday,2016-05-17,3,10,25
11469990,a week ago,2016-05-19,2,3,3
9066354,6 days ago,2016-05-19,17,44,72
11260643,yesterday,2016-05-20,20,50,80
12384776,4 days ago,2016-05-20,17,47,73
8227905,5 weeks ago,2016-05-21,1,25,29
8758264,8 months ago,2016-05-21,30,60,90
8799154,2 weeks ago,2016-05-21,1,1,1
7348580,2 weeks ago,2016-05-17,0,0,23
1086103,2 weeks ago,2016-05-17,27,57,87
1095060,today,2016-05-17,0,3,5
1168142,a week ago,2016-05-17,5,8,10
7547932,5 days ago,2016-05-18,3,11,16
12166016,a week ago,2016-05-19,8,38,68
7622030,yesterday,2016-05-20,0,0,2
834867,today,2016-05-20,0,0,18
6145546,4 months ago,2016-05-21,0,0,0
4718459,3 days ago,2016-05-21,0,3,16
6178064,2 weeks ago,2016-05-21,21,46,76
10469704,4 weeks ago,2016-05-21,10,21,43
4214560,6 weeks ago,2016-05-17,30,60,90
9355764,5 days ago,2016-05-21,0,0,25
10292703,never,2016-05-20,28,53,83
3839838,yesterday,2016-05-20,10,13,42
12889172,a week ago,2016-05-20,9,15,32
9183935,yesterday,2016-05-20,7,8,36
12931501,4 days ago,2016-05-20,5,5,5
11865362,yesterday,2016-05-20,5,20,50
13001550,2 days ago,2016-05-21,16,21,25
6216458,11 months ago,2016-05-21,0,0,0
9391142,2 weeks ago,2016-05-21,1,1,1
9382798,3 months ago,2016-05-21,0,0,0
771094,6 days ago,2016-05-20,26,51,81
12385166,a week ago,2016-05-20,18,36,66
11412312,3 weeks ago,2016-05-21,0,0,0
9389190,6 weeks ago,2016-05-21,5,5,5
8879743,today,2016-05-21,0,0,0
7350249,yesterday,2016-05-17,0,7,24
12253962,3 days ago,2016-05-19,0,6,8
4416289,2 weeks ago,2016-05-20,0,0,0
5293336,5 days ago,2016-05-17,23,53,83
1243697,3 days ago,2016-05-18,8,22,43
11080835,yesterday,2016-05-18,0,3,28
4909321,today,2016-05-19,11,16,29
774813,a week ago,2016-05-20,5,5,5
1378339,a week ago,2016-05-20,3,3,3
11413642,2 weeks ago,2016-05-21,0,11,22
440769,a week ago,2016-05-21,7,7,7
4708657,2 weeks ago,2016-05-21,14,40,70
5730887,4 days ago,2016-05-21,6,14,41
8931658,3 days ago,2016-05-18,6,9,21
11139532,today,2016-05-19,1,1,1
1959836,2 weeks ago,2016-05-21,10,30,47
9882316,today,2016-05-21,18,46,46
9240581,5 weeks ago,2016-05-20,0,0,0
7343132,2 weeks ago,2016-05-17,10,28,54
9341766,6 months ago,2016-05-19,0,0,5
9273796,yesterday,2016-05-21,13,23,53
7440308,4 weeks ago,2016-05-17,0,16,46
11279154,5 days ago,2016-05-18,0,9,24
11280523,2 weeks ago,2016-05-20,7,30,60
10392038,a week ago,2016-05-21,0,3,15
10131583,4 days ago,2016-05-19,24,54,84
478642,today,2016-05-20,11,41,71
3903030,3 months ago,2016-05-20,0,0,0
504080,2 weeks ago,2016-05-21,17,47,77
2239191,6 days ago,2016-05-19,25,52,82
3093607,2 weeks ago,2016-05-19,18,42,72
6030741,5 days ago,2016-05-20,11,27,50
3489945,8 months ago,2016-05-20,28,58,88
4052272,today,2016-05-17,15,34,60
5402378,5 days ago,2016-05-18,0,0,4
12656563,2 weeks ago,2016-05-17,20,40,70
12797458,today,2016-05-18,4,13,22
3799043,today,2016-05-19,0,3,16
12472497,a week ago,2016-05-21,12,42,50
2180372,2 weeks ago,2016-05-17,6,30,60
11722154,yesterday,2016-05-18,1,12,34
12534537,yesterday,2016-05-20,2,16,24
4540903,2 weeks ago,2016-05-20,18,48,61
4792492,today,2016-05-18,4,10,26
4279639,9 months ago,2016-05-17,0,0,0
6820368,7 months ago,2016-05-18,0,0,15
11177605,4 weeks ago,2016-05-19,14,14,17
10434933,3 days ago,2016-05-20,3,8,31
3908202,3 weeks ago,2016-05-20,0,0,0
12847382,4 days ago,2016-05-20,3,20,50
10864567,4 days ago,2016-05-21,2,11,24
9997583,yesterday,2016-05-18,6,36,56
8556779,3 weeks ago,2016-05-18,19,49,79
6783839,today,2016-05-21,2,30,60
11945932,3 weeks ago,2016-05-21,24,44,74
4014983,today,2016-05-20,2,9,23
8556493,a week ago,2016-05-18,0,4,12
10524908,today,2016-05-17,2,17,18
12915068,today,2016-05-20,11,35,52
12945630,2 weeks ago,2016-05-21,4,8,26
2232323,3 weeks ago,2016-05-17,10,18,36
6679978,12 months ago,2016-05-18,0,0,0
6270042,5 days ago,2016-05-21,0,0,6
4227595,5 months ago,2016-05-17,0,0,0
7377585,today,2016-05-17,11,32,55
4294257,4 days ago,2016-05-17,2,13,29
9078128,2 months ago,2016-05-19,0,0,0
7070662,4 days ago,2016-05-20,13,18,26
5521140,2 months ago,2016-05-20,0,0,0
10310231,2 weeks ago,2016-05-20,22,52,82
2467249,6 weeks ago,2016-05-21,29,59,89
911140,a week ago,2016-05-21,24,54,84
5649152,today,2016-05-21,9,29,56
8798034,today,2016-05-21,6,11,11
3593366,2 months ago,2016-05-21,0,0,0
12036056,3 weeks ago,2016-05-21,0,13,43
13058575,5 days ago,2016-05-21,27,57,87
13059481,5 days ago,2016-05-21,24,54,84
9562552,2 weeks ago,2016-05-17,7,24,54
1792152,2 weeks ago,2016-05-18,19,44,59
9706093,6 weeks ago,2016-05-18,0,14,44
10106371,2 weeks ago,2016-05-19,17,47,77
9403746,today,2016-05-20,2,9,10
7048233,5 months ago,2016-05-20,29,59,89
4594056,4 months ago,2016-05-21,0,8,8
9344216,2 months ago,2016-05-21,0,0,0
8861520,2 days ago,2016-05-21,7,27,54
2908978,3 weeks ago,2016-05-19,21,47,65
5268598,5 days ago,2016-05-17,1,4,19
7419590,8 months ago,2016-05-17,0,0,0
6378518,3 months ago,2016-05-17,10,21,30
5343759,a week ago,2016-05-17,0,0,14
8627368,a week ago,2016-05-18,0,0,0
9362091,3 months ago,2016-05-19,0,0,0
8052636,5 weeks ago,2016-05-19,0,0,0
6212329,3 days ago,2016-05-20,4,4,4
7562963,today,2016-05-20,0,0,7
8113303,3 months ago,2016-05-21,21,44,68
58598,yesterday,2016-05-17,0,4,12
3289883,today,2016-05-17,29,56,86
3743374,2 months ago,2016-05-18,26,56,86
10237203,3 days ago,2016-05-20,2,9,31
4152436,yesterday,2016-05-21,16,42,72
9474354,6 weeks ago,2016-05-17,15,15,18
9616690,today,2016-05-18,10,11,24
12467638,today,2016-05-21,10,32,62
13046449,never,2016-05-21,23,53,83
9374415,5 weeks ago,2016-05-21,10,15,24
8373395,2 months ago,2016-05-21,5,5,9
6291376,6 months ago,2016-05-21,0,0,0
12606455,3 weeks ago,2016-05-17,14,22,28
7400184,3 weeks ago,2016-05-17,24,37,37
142683,2 months ago,2016-05-17,7,14,25
4788006,5 days ago,2016-05-18,2,5,10
7969840,yesterday,2016-05-19,10,16,27
7660810,9 months ago,2016-05-20,30,60,90
4556952,2 weeks ago,2016-05-21,21,42,72
8274383,5 weeks ago,2016-05-21,2,2,7
9335141,3 weeks ago,2016-05-21,0,0,12
8881153,3 weeks ago,2016-05-21,0,0,0
6287140,yesterday,2016-05-21,3,7,9
953052,never,2016-05-21,21,51,81
4255274,3 weeks ago,2016-05-17,10,40,70
8450021,a week ago,2016-05-17,15,33,51
11641216,1 week ago,2016-05-17,4,19,44
5048670,3 days ago,2016-05-19,17,41,71
787456,yesterday,2016-05-20,12,38,64
1454673,5 days ago,2016-05-20,16,41,71
12406098,4 days ago,2016-05-20,5,14,22
8763037,yesterday,2016-05-21,27,57,87
923994,6 days ago,2016-05-21,5,15,23
13014106,today,2016-05-21,9,19,36
6809311,2 weeks ago,2016-05-21,0,0,0
9955811,3 days ago,2016-05-21,0,14,44
3541671,a week ago,2016-05-20,6,21,36
1605771,today,2016-05-18,0,5,9
11121558,3 days ago,2016-05-19,0,24,41
6869896,5 days ago,2016-05-18,12,29,56
10040421,today,2016-05-19,4,17,44
5275274,9 months ago,2016-05-17,30,60,90
12293426,4 days ago,2016-05-20,5,6,6
2467260,a week ago,2016-05-21,2,13,29
12165714,today,2016-05-19,0,9,19
10102030,4 months ago,2016-05-19,0,0,0
5642511,3 days ago,2016-05-19,27,57,84
10284327,4 weeks ago,2016-05-20,0,0,0
8454434,a week ago,2016-05-17,0,0,4
8846169,today,2016-05-19,0,0,0
3849149,6 months ago,2016-05-17,0,0,0
12703620,yesterday,2016-05-17,0,0,2
10667938,a week ago,2016-05-18,0,8,23
11119735,today,2016-05-19,4,11,34
1724186,yesterday,2016-05-19,9,16,39
3550398,today,2016-05-21,5,19,46
4620794,a week ago,2016-05-21,7,21,49
2072132,today,2016-05-21,11,22,46
1557739,3 days ago,2016-05-21,6,18,42
11120331,today,2016-05-19,4,11,31
9559422,3 months ago,2016-05-17,0,0,0
5396713,4 weeks ago,2016-05-17,11,11,40
12812975,yesterday,2016-05-18,21,51,81
248064,a week ago,2016-05-18,0,0,16
8001960,3 days ago,2016-05-19,12,23,42
10873972,6 days ago,2016-05-20,7,29,59
11280477,3 months ago,2016-05-20,0,0,0
6087642,3 months ago,2016-05-20,30,60,90
11925553,today,2016-05-21,0,0,6
3122206,2 weeks ago,2016-05-21,18,48,78
3395449,4 weeks ago,2016-05-18,30,60,90
7240088,4 weeks ago,2016-05-21,6,6,6
12835923,a week ago,2016-05-18,1,1,1
1153002,3 weeks ago,2016-05-17,0,1,1
1243170,2 months ago,2016-05-18,0,0,0
2338190,4 months ago,2016-05-18,0,0,0
11227871,today,2016-05-18,9,32,59
3939645,2 months ago,2016-05-20,0,0,0
13014297,3 days ago,2016-05-21,19,49,79
3150813,yesterday,2016-05-17,20,33,53
4371323,3 weeks ago,2016-05-18,7,20,37
7584529,today,2016-05-18,3,20,41
4734816,5 months ago,2016-05-18,0,14,44
12540331,4 days ago,2016-05-20,22,49,79
3534510,today,2016-05-21,18,48,76
5174801,2 days ago,2016-05-21,0,3,3
13059899,yesterday,2016-05-21,17,47,59
7577128,4 days ago,2016-05-18,1,5,17
11772599,2 weeks ago,2016-05-18,0,0,0
12183112,2 weeks ago,2016-05-19,0,0,0
6701936,5 days ago,2016-05-21,0,0,0
6762891,5 days ago,2016-05-21,25,55,85
5191412,yesterday,2016-05-21,3,3,14
7817254,yesterday,2016-05-21,3,18,41
8867787,5 days ago,2016-05-21,25,55,85
11627182,5 days ago,2016-05-17,30,60,90
11627188,2 months ago,2016-05-17,30,60,90
9779460,2 weeks ago,2016-05-20,8,16,29
9452583,3 days ago,2016-05-17,3,16,46
3876855,a week ago,2016-05-20,22,22,22
10061459,a week ago,2016-05-19,0,4,34
11206315,today,2016-05-19,13,30,51
8410937,3 days ago,2016-05-17,13,43,73
8411050,3 days ago,2016-05-17,18,48,78
8411142,4 weeks ago,2016-05-17,0,0,0
4323012,2 weeks ago,2016-05-17,16,46,76
7045327,5 months ago,2016-05-20,0,0,0
7238579,3 weeks ago,2016-05-20,19,42,72
8151153,3 weeks ago,2016-05-20,8,21,51
13031653,today,2016-05-21,29,59,89
2118309,3 weeks ago,2016-05-17,13,30,49
10407641,today,2016-05-21,7,28,44
216641,3 months ago,2016-05-18,30,60,90
2360382,2 days ago,2016-05-18,0,2,23
8925516,today,2016-05-18,3,3,3
2976899,2 weeks ago,2016-05-18,27,57,87
8343019,5 days ago,2016-05-21,16,46,76
5591156,2 weeks ago,2016-05-19,9,15,45
8065385,4 weeks ago,2016-05-19,0,0,0
9755780,3 weeks ago,2016-05-20,18,25,55
68255,today,2016-05-17,8,37,60
11739242,2 weeks ago,2016-05-18,7,29,59
9792344,4 days ago,2016-05-20,0,0,25
11733405,7 weeks ago,2016-05-18,0,0,9
9186961,2 weeks ago,2016-05-20,19,49,72
7399809,today,2016-05-17,0,18,30
9498084,6 months ago,2016-05-17,30,60,90
8482603,today,2016-05-17,15,35,47
10632298,a week ago,2016-05-17,14,44,74
8652674,2 weeks ago,2016-05-18,0,4,15
8481462,today,2016-05-19,1,16,29
9682108,5 weeks ago,2016-05-21,0,0,0
5498847,yesterday,2016-05-21,2,4,8
9085297,6 weeks ago,2016-05-19,0,0,0
10957769,2 weeks ago,2016-05-21,15,45,75
8398977,yesterday,2016-05-17,1,13,43
1402409,a week ago,2016-05-17,1,3,8
11574296,4 weeks ago,2016-05-17,3,13,13
9812219,2 weeks ago,2016-05-17,10,30,46
8918762,today,2016-05-18,8,33,57
6711157,3 days ago,2016-05-20,26,56,86
6597512,2 days ago,2016-05-20,7,28,58
6607614,2 weeks ago,2016-05-20,23,52,82
9235544,6 weeks ago,2016-05-20,0,18,48
9279279,5 months ago,2016-05-21,0,0,0
7724844,today,2016-05-21,1,7,11
7724941,today,2016-05-21,1,1,1
6184349,5 days ago,2016-05-21,0,0,3
6738143,3 weeks ago,2016-05-21,30,60,90
3256646,9 months ago,2016-05-17,0,0,0
11148272,3 months ago,2016-05-19,0,0,0
12210358,today,2016-05-19,11,36,66
9251803,yesterday,2016-05-20,13,24,40
12487223,3 days ago,2016-05-21,20,37,65
11565745,today,2016-05-17,3,6,17
10613165,4 months ago,2016-05-17,30,60,90
10613370,never,2016-05-17,30,60,90
12326448,2 weeks ago,2016-05-20,3,5,25
12996735,a week ago,2016-05-21,5,25,55
9367323,4 weeks ago,2016-05-21,19,30,30
2593565,today,2016-05-21,11,11,11
1260967,6 months ago,2016-05-18,30,60,90
1594161,yesterday,2016-05-18,6,6,7
11280998,3 weeks ago,2016-05-20,29,59,89
1332843,6 months ago,2016-05-20,24,54,84
5003445,17 months ago,2016-05-20,30,60,90
12887256,2 weeks ago,2016-05-20,1,1,1
6620082,yesterday,2016-05-17,15,15,15
10575432,today,2016-05-17,12,33,63
7346147,2 months ago,2016-05-17,26,56,86
12776682,4 days ago,2016-05-18,0,10,39
5480284,4 weeks ago,2016-05-18,23,53,83
5480285,5 weeks ago,2016-05-18,15,45,75
5048517,2 months ago,2016-05-20,19,49,78
6623752,a week ago,2016-05-20,22,52,82
7306957,2 weeks ago,2016-05-21,20,50,77
8918729,today,2016-05-18,9,38,68
4217437,today,2016-05-17,13,17,35
8474753,3 days ago,2016-05-17,13,39,57
2060544,today,2016-05-18,7,16,35
629194,yesterday,2016-05-18,13,40,70
2386289,today,2016-05-19,7,7,7
13046861,3 days ago,2016-05-19,0,0,17
7039129,2 weeks ago,2016-05-20,3,10,16
2959768,9 months ago,2016-05-20,0,0,0
9314736,today,2016-05-21,12,14,32
6799662,5 days ago,2016-05-21,0,0,0
9925161,2 days ago,2016-05-21,0,0,1
5335297,2 weeks ago,2016-05-17,11,17,37
3360230,yesterday,2016-05-18,3,3,3
5070640,2 weeks ago,2016-05-20,7,15,26
10841100,a week ago,2016-05-20,12,42,72
6171449,a week ago,2016-05-21,9,9,9
10560569,6 days ago,2016-05-17,3,12,22
184529,today,2016-05-18,6,6,6
9073737,today,2016-05-19,7,7,7
5968656,2 weeks ago,2016-05-19,10,22,38
11241369,2 weeks ago,2016-05-20,3,7,25
4663832,today,2016-05-21,16,44,74
8919268,a week ago,2016-05-18,0,0,0
1581384,today,2016-05-18,16,38,59
7953122,9 months ago,2016-05-19,30,60,90
2214963,4 weeks ago,2016-05-19,12,23,43
9110380,a week ago,2016-05-19,18,48,74
8302039,today,2016-05-20,1,9,25
8090960,today,2016-05-20,5,20,25
8148877,9 months ago,2016-05-20,30,60,90
8254604,2 weeks ago,2016-05-21,14,21,40
9842499,3 days ago,2016-05-21,1,5,5
3094167,today,2016-05-21,9,9,35
4155972,2 weeks ago,2016-05-21,5,17,17
11507302,2 weeks ago,2016-05-21,25,55,78
7418441,3 weeks ago,2016-05-17,6,9,9
9486988,2 weeks ago,2016-05-17,18,43,73
9490694,5 weeks ago,2016-05-17,13,43,73
12711245,3 weeks ago,2016-05-17,0,0,0
1189999,5 days ago,2016-05-17,19,34,56
11693721,a week ago,2016-05-18,12,28,37
10705576,4 weeks ago,2016-05-18,4,4,4
6538482,2 weeks ago,2016-05-18,0,1,1
12833303,yesterday,2016-05-18,7,12,12
3686643,3 months ago,2016-05-18,0,0,0
6864050,yesterday,2016-05-18,0,0,0
4857164,never,2016-05-19,27,57,87
11280156,3 months ago,2016-05-20,0,0,0
8294155,6 days ago,2016-05-21,10,24,39
9363996,4 weeks ago,2016-05-21,1,1,1
12516185,6 days ago,2016-05-21,0,0,0
5191232,5 weeks ago,2016-05-21,29,59,89
4325261,today,2016-05-19,0,0,0
10223465,3 weeks ago,2016-05-20,16,46,76
1127235,today,2016-05-17,7,16,35
9491180,a week ago,2016-05-17,4,10,22
3249147,2 months ago,2016-05-17,18,30,30
9886737,3 weeks ago,2016-05-18,23,45,45
12791310,3 days ago,2016-05-18,7,7,7
6551680,a week ago,2016-05-18,8,13,13
3458369,today,2016-05-19,4,22,52
12913910,5 days ago,2016-05-20,20,50,80
7181062,2 weeks ago,2016-05-21,26,53,83
9445553,2 months ago,2016-05-17,22,52,82
6471872,2 weeks ago,2016-05-17,1,1,1
4305041,a week ago,2016-05-17,0,6,36
8500786,8 months ago,2016-05-17,30,60,90
2267500,today,2016-05-18,2,9,20
11042635,a week ago,2016-05-18,0,0,1
12149991,yesterday,2016-05-19,6,21,51
12225065,5 days ago,2016-05-20,6,7,28
9135545,6 months ago,2016-05-20,23,49,79
10773444,4 months ago,2016-05-20,0,0,0
9796646,3 months ago,2016-05-21,0,0,0
4145663,3 weeks ago,2016-05-21,0,0,18
8390741,5 days ago,2016-05-17,2,2,2
8452767,yesterday,2016-05-17,0,0,0
12472879,today,2016-05-18,2,3,3
11777602,2 days ago,2016-05-18,5,15,15
12207874,today,2016-05-19,4,4,4
10984320,2 weeks ago,2016-05-19,25,55,85
1771217,today,2016-05-19,0,0,0
10162651,2 weeks ago,2016-05-19,5,26,56
8780747,2 weeks ago,2016-05-21,0,13,34
8780615,2 weeks ago,2016-05-21,0,14,37
8801862,5 months ago,2016-05-21,30,60,90
7174823,3 weeks ago,2016-05-17,11,33,63
8951180,2 weeks ago,2016-05-18,0,0,4
12169772,a week ago,2016-05-19,25,55,85
8142588,7 months ago,2016-05-20,30,60,90
3425130,2 days ago,2016-05-20,4,5,17
7479013,today,2016-05-17,8,9,15
8623055,6 weeks ago,2016-05-18,30,60,90
11037671,5 days ago,2016-05-18,1,3,10
12133829,7 weeks ago,2016-05-18,0,0,16
1202543,today,2016-05-19,10,22,45
9169151,a week ago,2016-05-20,1,9,22
9170215,2 months ago,2016-05-20,0,1,9
8023648,2 weeks ago,2016-05-19,14,27,43
11040140,3 months ago,2016-05-18,30,60,90
8649742,2 months ago,2016-05-18,11,31,50
4719119,a week ago,2016-05-18,16,26,26
8941796,today,2016-05-18,6,6,6
10008502,2 months ago,2016-05-18,0,0,0
7439908,yesterday,2016-05-19,5,25,53
9738495,3 days ago,2016-05-20,0,21,49
861949,2 months ago,2016-05-20,0,0,0
861993,3 weeks ago,2016-05-20,5,9,26
9528868,3 months ago,2016-05-17,30,60,90
2635388,4 weeks ago,2016-05-18,2,18,48
2012325,yesterday,2016-05-18,8,16,16
3819006,a week ago,2016-05-19,3,4,4
5967830,6 days ago,2016-05-19,10,20,50
10253467,1 week ago,2016-05-20,15,37,59
7678599,today,2016-05-20,6,24,44
4533168,2 months ago,2016-05-20,14,44,74
2975710,2 weeks ago,2016-05-20,1,1,25
8908277,5 months ago,2016-05-21,0,0,0
8797683,today,2016-05-20,9,11,15
12292295,4 days ago,2016-05-17,14,30,42
11660304,2 months ago,2016-05-19,30,60,90
7921202,6 months ago,2016-05-19,25,55,85
925366,2 months ago,2016-05-21,0,0,0
7359477,2 weeks ago,2016-05-17,1,4,11
7948813,2 days ago,2016-05-19,0,2,2
12230966,6 days ago,2016-05-19,13,37,67
7819520,4 months ago,2016-05-20,0,0,0
9172362,6 weeks ago,2016-05-20,0,16,23
1566967,3 days ago,2016-05-21,0,0,19
3434817,10 months ago,2016-05-20,0,0,11
5247053,5 days ago,2016-05-17,27,27,27
9496966,today,2016-05-17,1,4,7
12666379,today,2016-05-17,3,17,38
9610021,4 weeks ago,2016-05-18,0,0,0
7592378,yesterday,2016-05-18,6,14,32
3685552,a week ago,2016-05-18,4,26,53
548897,a week ago,2016-05-18,9,14,30
13026326,2 days ago,2016-05-18,4,4,19
7919653,today,2016-05-18,0,0,0
2986943,today,2016-05-19,10,33,46
11191271,2 weeks ago,2016-05-19,0,2,19
8097940,3 months ago,2016-05-20,28,58,88
12453929,3 weeks ago,2016-05-20,0,0,0
9924662,today,2016-05-20,8,19,45
13025480,4 days ago,2016-05-21,3,3,21
3039505,2 months ago,2016-05-21,28,58,88
12985692,4 days ago,2016-05-21,30,30,30
12355663,3 weeks ago,2016-05-20,18,48,78
12759008,yesterday,2016-05-17,13,34,60
12627373,today,2016-05-17,15,38,50
9558254,2 weeks ago,2016-05-17,7,30,56
2221047,today,2016-05-17,5,25,46
11691952,today,2016-05-17,1,11,22
8565399,today,2016-05-18,7,14,33
2886415,3 months ago,2016-05-20,0,0,0
11926580,4 weeks ago,2016-05-21,0,0,0
9403895,3 days ago,2016-05-21,14,30,50
10471433,today,2016-05-21,5,13,36
11555808,a week ago,2016-05-17,12,26,42
4284131,1 week ago,2016-05-17,1,2,16
760023,2 weeks ago,2016-05-20,14,31,40
3913292,today,2016-05-20,8,18,38
9231818,4 weeks ago,2016-05-20,0,2,3
10293845,5 months ago,2016-05-20,30,60,90
9281638,today,2016-05-21,1,15,18
4573687,today,2016-05-21,0,0,0
4532996,a week ago,2016-05-20,13,43,73
9529683,6 months ago,2016-05-17,0,0,0
5433546,5 months ago,2016-05-17,0,0,0
11533087,2 weeks ago,2016-05-20,1,1,1
10358518,yesterday,2016-05-21,0,21,42
8071897,today,2016-05-19,8,28,50
521072,2 days ago,2016-05-19,6,11,17
7872170,3 days ago,2016-05-17,3,3,3
4379416,3 weeks ago,2016-05-18,0,0,0
7528519,4 months ago,2016-05-18,14,41,71
9977887,today,2016-05-18,11,26,26
5170350,3 days ago,2016-05-21,1,6,16
2104774,today,2016-05-17,6,28,55
10730155,4 months ago,2016-05-18,30,60,90
1294490,6 weeks ago,2016-05-18,1,7,7
2243316,today,2016-05-19,15,31,61
4671545,today,2016-05-20,7,32,62
774712,today,2016-05-21,12,42,67
10655290,1 week ago,2016-05-18,7,11,21
11713844,today,2016-05-18,5,12,18
4435501,today,2016-05-18,17,47,77
2337863,5 months ago,2016-05-18,18,41,71
10733941,yesterday,2016-05-18,0,0,0
3410364,today,2016-05-18,12,34,53
7921441,5 weeks ago,2016-05-18,1,5,5
13059132,today,2016-05-20,16,37,67
4549614,yesterday,2016-05-20,16,36,59
9048700,today,2016-05-19,1,1,6
1143676,4 weeks ago,2016-05-17,0,0,28
7471270,2 weeks ago,2016-05-17,0,0,0
7481785,a week ago,2016-05-17,0,29,59
5433111,2 weeks ago,2016-05-18,2,21,44
8580597,4 days ago,2016-05-18,7,14,44
7951525,today,2016-05-19,11,25,45
8846043,a week ago,2016-05-19,2,32,62
8066031,4 days ago,2016-05-19,3,11,25
8611036,a week ago,2016-05-20,0,0,6
4951295,a week ago,2016-05-20,5,5,5
477016,a week ago,2016-05-20,2,18,48
11255473,3 days ago,2016-05-20,0,17,22
11318141,yesterday,2016-05-20,6,16,30
10810898,4 months ago,2016-05-20,30,60,90
11399676,2 weeks ago,2016-05-21,0,0,0
5162001,2 weeks ago,2016-05-21,0,0,0
12584849,4 weeks ago,2016-05-17,15,45,75
9734548,3 days ago,2016-05-20,0,0,0
12288253,today,2016-05-20,4,16,19
6108231,a week ago,2016-05-21,0,4,7
6410804,4 weeks ago,2016-05-17,30,60,90
10282464,5 weeks ago,2016-05-20,0,0,0
11086214,today,2016-05-18,0,1,1
8070931,2 weeks ago,2016-05-20,0,0,0
12267471,6 weeks ago,2016-05-20,3,19,42
12368660,6 weeks ago,2016-05-20,0,18,48
5031363,3 weeks ago,2016-05-20,8,31,61
9795062,6 months ago,2016-05-21,0,0,0
7207849,today,2016-05-21,7,18,33
7091323,a week ago,2016-05-20,7,31,54
11895122,1 week ago,2016-05-21,3,24,49
4015632,5 days ago,2016-05-21,4,24,49
3405490,2 weeks ago,2016-05-18,24,54,84
10427460,yesterday,2016-05-19,10,10,10
12866872,3 days ago,2016-05-20,1,1,1
10540055,today,2016-05-17,8,8,8
3037309,6 months ago,2016-05-21,0,0,0
12799514,2 days ago,2016-05-18,21,51,81
11020193,5 days ago,2016-05-18,8,29,59
12150909,today,2016-05-19,27,57,87
12153007,2 days ago,2016-05-19,5,29,59
12253741,yesterday,2016-05-19,27,57,87
11869940,2 days ago,2016-05-20,18,47,77
11869456,2 weeks ago,2016-05-20,14,43,71
6141491,2 weeks ago,2016-05-21,14,28,50
13031106,today,2016-05-21,30,60,90
6479000,today,2016-05-18,7,20,46
6883917,yesterday,2016-05-18,3,11,33
12973741,today,2016-05-21,0,0,1
9349955,today,2016-05-21,0,3,7
9926746,3 weeks ago,2016-05-20,0,14,14
875596,3 weeks ago,2016-05-20,21,39,69
12597712,4 weeks ago,2016-05-17,26,56,86
8941411,6 weeks ago,2016-05-18,0,11,41
9029687,4 days ago,2016-05-19,7,14,19
11323187,2 months ago,2016-05-20,30,60,90
10278029,4 months ago,2016-05-20,0,0,11
2441525,4 days ago,2016-05-20,13,43,73
7749827,today,2016-05-21,0,0,0
7749630,today,2016-05-21,0,0,1
4180622,4 days ago,2016-05-21,3,7,27
12054276,4 weeks ago,2016-05-21,5,5,5
10454584,3 weeks ago,2016-05-17,24,53,81
8237726,2 days ago,2016-05-17,4,4,18
4339436,2 months ago,2016-05-17,0,0,0
3810191,a week ago,2016-05-19,5,8,29
1891877,2 weeks ago,2016-05-20,20,50,80
4162458,2 weeks ago,2016-05-21,6,6,6
11626361,4 weeks ago,2016-05-17,7,37,67
11657954,4 weeks ago,2016-05-17,5,22,22
12099761,3 weeks ago,2016-05-18,0,16,46
9007352,6 months ago,2016-05-19,0,0,0
10248217,a week ago,2016-05-19,4,27,57
4977602,13 months ago,2016-05-20,30,60,90
2108941,today,2016-05-17,1,1,1
6423090,2 months ago,2016-05-17,6,6,9
9813474,a week ago,2016-05-18,14,44,70
11127739,today,2016-05-19,17,36,62
5915303,a week ago,2016-05-19,18,36,66
8102533,4 days ago,2016-05-20,21,51,81
10291618,4 days ago,2016-05-20,3,4,14
10862257,2 days ago,2016-05-21,2,2,2
9350430,5 months ago,2016-05-21,0,0,0
4454385,2 weeks ago,2016-05-18,10,10,10
9049338,2 weeks ago,2016-05-19,5,6,7
8054395,2 weeks ago,2016-05-19,10,16,25
10455784,3 weeks ago,2016-05-20,1,20,50
5039932,3 months ago,2016-05-20,8,8,8
6678316,2 months ago,2016-05-21,24,39,61
8319865,6 weeks ago,2016-05-21,0,0,0
4752865,9 months ago,2016-05-18,0,0,0
12467040,4 weeks ago,2016-05-21,1,1,1
7415622,a week ago,2016-05-17,1,1,1
6445171,3 weeks ago,2016-05-17,8,18,45
11789033,3 weeks ago,2016-05-18,8,8,8
12989649,2 days ago,2016-05-18,3,12,29
12362648,yesterday,2016-05-20,20,21,21
3978072,6 weeks ago,2016-05-20,0,0,0
1887320,2 days ago,2016-05-20,0,0,24
12378764,today,2016-05-20,10,19,33
3567216,3 days ago,2016-05-21,24,44,52
11260552,5 days ago,2016-05-21,0,0,0
4638352,today,2016-05-21,3,14,35
9492971,today,2016-05-17,0,7,7
2361919,3 months ago,2016-05-18,0,0,0
7882412,3 weeks ago,2016-05-18,0,0,0
4471201,3 months ago,2016-05-19,0,0,18
6921688,yesterday,2016-05-19,0,6,21
1699596,3 weeks ago,2016-05-19,0,0,0
5531293,3 months ago,2016-05-20,0,17,47
10789374,3 months ago,2016-05-20,30,60,90
1905596,3 weeks ago,2016-05-20,3,3,10
12996773,today,2016-05-21,23,53,83
1042331,3 weeks ago,2016-05-21,3,4,5
11529094,today,2016-05-21,21,46,76
1560847,5 weeks ago,2016-05-21,0,9,9
1041934,3 months ago,2016-05-21,0,0,30
7859145,3 months ago,2016-05-21,30,60,90
6599187,4 weeks ago,2016-05-20,0,4,10
4180427,9 months ago,2016-05-21,30,60,90
6291816,today,2016-05-17,30,40,61
7330843,2 weeks ago,2016-05-21,3,8,19
4362513,5 days ago,2016-05-18,8,14,17
10153330,5 months ago,2016-05-19,30,60,90
11250449,7 weeks ago,2016-05-20,0,0,0
6349335,today,2016-05-17,11,25,45
6588329,5 days ago,2016-05-20,8,30,36
5684739,today,2016-05-21,10,34,60
7261847,5 days ago,2016-05-21,3,28,40
3459157,1 week ago,2016-05-17,7,17,38
9593988,2 weeks ago,2016-05-17,0,0,0
11086357,2 weeks ago,2016-05-18,12,34,62
7305160,today,2016-05-19,10,29,45
4210762,2 weeks ago,2016-05-17,4,13,36
12698509,today,2016-05-17,0,14,44
3788114,a week ago,2016-05-19,4,23,45
9061295,a week ago,2016-05-19,8,24,52
5571060,15 months ago,2016-05-20,0,0,0
4093704,a week ago,2016-05-21,0,7,19
1074386,3 days ago,2016-05-17,27,50,80
4727890,today,2016-05-17,8,22,52
11711644,2 weeks ago,2016-05-18,9,33,59
11145294,yesterday,2016-05-19,3,14,28
8308535,a week ago,2016-05-19,13,43,71
12942720,today,2016-05-21,11,31,58
9317061,today,2016-05-21,0,0,0
3051864,6 months ago,2016-05-21,0,0,0
11354018,today,2016-05-21,0,0,0
9509330,today,2016-05-17,0,0,0
12740386,a week ago,2016-05-17,0,0,8
11690689,today,2016-05-17,13,36,63
10683852,a week ago,2016-05-18,14,32,55
7106373,a week ago,2016-05-20,14,38,65
10598414,today,2016-05-17,11,32,62
1959918,a week ago,2016-05-21,5,25,45
8829680,4 days ago,2016-05-21,0,19,43
11590445,2 months ago,2016-05-17,0,0,0
3217063,3 weeks ago,2016-05-17,0,4,7
8555795,today,2016-05-18,1,6,15
4369748,3 weeks ago,2016-05-18,6,24,49
9097059,5 days ago,2016-05-19,3,11,38
9665678,yesterday,2016-05-20,5,27,54
4100722,yesterday,2016-05-21,0,3,7
6723321,today,2016-05-21,15,41,66
12249907,today,2016-05-17,3,14,16
8504910,6 months ago,2016-05-17,0,0,0
10100322,a week ago,2016-05-19,5,13,26
6576465,2 weeks ago,2016-05-19,0,0,0
3095318,6 weeks ago,2016-05-21,3,15,28
2119667,5 days ago,2016-05-17,3,9,19
11569559,today,2016-05-17,0,0,0
8535994,7 months ago,2016-05-17,0,0,0
8664245,7 months ago,2016-05-18,0,0,0
5792083,4 months ago,2016-05-18,0,0,0
9770909,1 week ago,2016-05-20,0,6,15
8733851,3 weeks ago,2016-05-20,3,5,17
3542624,2 days ago,2016-05-21,9,22,39
10472768,2 weeks ago,2016-05-21,3,8,21
1557924,5 weeks ago,2016-05-21,0,0,0
5405010,11 months ago,2016-05-18,30,60,90
3404692,2 months ago,2016-05-18,0,0,16
12072132,6 weeks ago,2016-05-18,0,0,0
10883221,4 months ago,2016-05-20,0,0,0
6645555,3 months ago,2016-05-20,0,0,0
6206869,a week ago,2016-05-21,9,9,9
4268146,3 days ago,2016-05-17,3,12,19
7809634,4 days ago,2016-05-21,9,31,61
4150242,6 months ago,2016-05-21,30,60,90
12872250,today,2016-05-20,26,54,80
12128272,today,2016-05-19,3,16,46
8058797,5 months ago,2016-05-17,0,0,0
9274169,6 months ago,2016-05-17,30,60,90
12234448,a week ago,2016-05-17,21,51,81
6464050,2 weeks ago,2016-05-18,5,20,33
5956309,today,2016-05-19,10,10,10
4925524,1 week ago,2016-05-20,0,2,4
8101010,4 days ago,2016-05-20,16,45,75
7196594,today,2016-05-21,13,43,73
5141937,4 days ago,2016-05-21,16,34,64
5141965,a week ago,2016-05-21,0,0,0
5146404,5 days ago,2016-05-21,19,42,72
5672546,a week ago,2016-05-21,2,11,40
4263504,3 days ago,2016-05-17,4,8,11
4263661,3 days ago,2016-05-17,9,32,62
4263714,yesterday,2016-05-17,0,0,8
12645484,today,2016-05-17,8,17,24
4378223,today,2016-05-18,4,21,51
8967826,7 months ago,2016-05-18,0,0,0
3758531,8 months ago,2016-05-19,0,0,0
12227790,3 days ago,2016-05-19,0,4,20
8878393,7 months ago,2016-05-21,0,0,0
10494162,today,2016-05-17,5,17,31
9738253,2 weeks ago,2016-05-19,0,0,8
7025944,8 months ago,2016-05-20,0,0,0
10204854,2 months ago,2016-05-20,29,59,89
8671797,3 months ago,2016-05-20,0,0,0
5619534,5 weeks ago,2016-05-21,2,14,28
2114200,9 months ago,2016-05-17,29,59,89
2684968,3 days ago,2016-05-18,5,25,55
12476899,3 days ago,2016-05-21,22,49,79
4264539,10 months ago,2016-05-17,30,60,90
11734287,3 days ago,2016-05-18,5,12,21
5005082,3 weeks ago,2016-05-20,11,29,59
8680784,today,2016-05-20,3,7,24
8732738,3 days ago,2016-05-20,6,25,52
13016566,4 days ago,2016-05-21,19,43,73
9433028,yesterday,2016-05-21,7,22,43
2310895,today,2016-05-18,0,9,20
12948255,2 weeks ago,2016-05-21,0,0,0
1975775,4 months ago,2016-05-21,0,0,0
10858251,2 weeks ago,2016-05-21,1,8,13
9475670,4 months ago,2016-05-17,0,0,0
9523779,3 months ago,2016-05-17,0,0,0
10634565,a week ago,2016-05-17,3,14,28
7717429,4 weeks ago,2016-05-18,0,0,0
12815466,2 weeks ago,2016-05-18,0,0,0
9684438,2 months ago,2016-05-18,0,0,0
8987718,today,2016-05-18,3,14,44
6895941,a week ago,2016-05-19,0,13,24
3789526,7 months ago,2016-05-19,26,56,86
8015169,7 months ago,2016-05-19,0,0,0
5242705,8 months ago,2016-05-19,30,60,90
2785687,9 months ago,2016-05-19,0,0,0
11192056,today,2016-05-19,3,9,24
3907489,2 weeks ago,2016-05-20,0,0,12
8115723,a week ago,2016-05-20,9,39,69
7110479,8 months ago,2016-05-20,24,54,84
11895428,3 weeks ago,2016-05-21,1,15,35
1966084,3 weeks ago,2016-05-21,5,11,17
12388131,yesterday,2016-05-21,1,7,14
4624519,6 months ago,2016-05-21,0,0,0
7261606,a week ago,2016-05-21,21,48,78
4144591,a week ago,2016-05-21,0,6,25
6261316,1 week ago,2016-05-21,5,16,46
8356699,today,2016-05-21,1,1,1
5242648,5 months ago,2016-05-21,22,48,78
10497985,2 weeks ago,2016-05-17,0,6,7
8410018,yesterday,2016-05-17,0,19,49
8410216,yesterday,2016-05-17,0,19,49
11574645,yesterday,2016-05-17,0,6,26
4235002,4 weeks ago,2016-05-17,0,0,0
7482699,5 months ago,2016-05-17,0,0,0
12752947,2 days ago,2016-05-18,12,37,67
4581251,6 days ago,2016-05-18,0,8,10
12091989,a week ago,2016-05-18,10,24,46
11066752,2 months ago,2016-05-18,0,0,0
3906455,today,2016-05-20,12,34,63
7293297,2 months ago,2016-05-20,14,26,26
11277311,today,2016-05-20,20,46,76
2509959,yesterday,2016-05-21,9,15,15
7243639,a week ago,2016-05-21,14,24,37
13029564,yesterday,2016-05-21,11,29,53
8366762,yesterday,2016-05-21,5,31,56
10590912,a week ago,2016-05-17,21,49,79
5414477,6 days ago,2016-05-18,0,0,5
4388297,a week ago,2016-05-18,0,0,0
5801729,today,2016-05-18,1,15,45
2315897,5 days ago,2016-05-18,0,9,39
9007299,3 months ago,2016-05-18,0,0,0
11106847,4 weeks ago,2016-05-18,0,0,0
7978362,6 months ago,2016-05-19,0,0,0
5221963,today,2016-05-19,5,13,13
12523435,yesterday,2016-05-19,0,2,2
4915203,5 weeks ago,2016-05-19,0,0,0
5975909,4 weeks ago,2016-05-20,0,12,31
4964614,6 days ago,2016-05-20,11,32,62
11317693,2 weeks ago,2016-05-20,23,53,83
11295273,4 days ago,2016-05-20,2,5,11
8221469,5 months ago,2016-05-20,0,0,0
13012773,a week ago,2016-05-21,0,0,18
3585404,a week ago,2016-05-21,2,2,2
10401469,3 days ago,2016-05-21,16,38,62
3605358,2 months ago,2016-05-21,13,17,37
7799902,3 weeks ago,2016-05-21,0,0,0
7824823,3 days ago,2016-05-21,0,1,1
12546546,a week ago,2016-05-21,0,19,37
7823938,3 weeks ago,2016-05-21,0,5,5
12673420,today,2016-05-17,1,1,7
3238604,6 months ago,2016-05-17,0,0,0
9529844,yesterday,2016-05-17,10,27,57
7483723,a week ago,2016-05-17,5,13,28
9633833,4 days ago,2016-05-18,3,11,24
9650094,yesterday,2016-05-18,15,33,63
9961606,today,2016-05-18,0,3,10
8940906,today,2016-05-18,3,14,21
11283270,2 days ago,2016-05-18,7,26,46
5167712,6 weeks ago,2016-05-18,0,0,1
10101089,2 weeks ago,2016-05-19,7,21,47
10257500,a week ago,2016-05-20,13,35,58
3897696,4 weeks ago,2016-05-20,0,0,0
11260926,4 weeks ago,2016-05-20,0,0,0
10254698,yesterday,2016-05-20,0,3,23
3968482,3 days ago,2016-05-20,8,35,65
12890649,5 days ago,2016-05-20,23,44,57
3992779,today,2016-05-20,0,14,42
5041643,yesterday,2016-05-20,2,10,18
12381276,2 weeks ago,2016-05-21,5,19,48
12972890,a week ago,2016-05-21,0,0,18
6181716,6 months ago,2016-05-21,0,0,0
7240753,2 weeks ago,2016-05-21,7,15,34
8865987,a week ago,2016-05-21,0,2,2
8884450,3 days ago,2016-05-21,4,17,29
11531497,6 days ago,2016-05-21,0,7,7
8390303,3 months ago,2016-05-17,0,0,0
1235,3 months ago,2016-05-17,0,0,0
8489151,a week ago,2016-05-17,6,12,40
6402993,yesterday,2016-05-17,2,16,37
6668396,yesterday,2016-05-18,14,42,72
4395576,today,2016-05-18,1,12,12
4415554,yesterday,2016-05-18,10,31,57
11753865,today,2016-05-18,4,12,21
4415985,yesterday,2016-05-18,5,30,60
1601962,today,2016-05-18,1,1,13
10231339,3 months ago,2016-05-18,0,7,7
7914830,a week ago,2016-05-18,4,34,64
3843051,8 months ago,2016-05-18,26,56,86
4814753,3 days ago,2016-05-19,3,19,41
3953492,8 months ago,2016-05-19,26,56,86
6993775,a week ago,2016-05-19,7,14,14
4668168,yesterday,2016-05-20,6,27,53
12834834,a week ago,2016-05-20,2,17,37
7074955,2 weeks ago,2016-05-20,2,2,2
12377397,5 days ago,2016-05-20,5,5,5
2978155,a week ago,2016-05-20,2,4,4
4048378,5 weeks ago,2016-05-21,25,55,85
2087028,yesterday,2016-05-21,2,11,22
12452580,5 days ago,2016-05-21,8,30,60
6187302,yesterday,2016-05-21,14,33,42
8884899,3 weeks ago,2016-05-21,0,0,0
7294614,yesterday,2016-05-21,20,50,76
7843605,2 weeks ago,2016-05-21,1,8,19
8051878,8 months ago,2016-05-18,0,0,0
6373869,4 days ago,2016-05-17,8,28,43
6374807,a week ago,2016-05-17,5,26,39
7484068,3 weeks ago,2016-05-17,3,3,3
10640283,never,2016-05-17,30,60,90
11692342,4 weeks ago,2016-05-17,0,4,6
12810519,a week ago,2016-05-18,1,1,1
10740242,3 months ago,2016-05-18,0,0,0
1309159,8 months ago,2016-05-18,0,0,3
5806706,14 months ago,2016-05-18,0,0,0
5832793,a week ago,2016-05-18,0,0,0
9013225,yesterday,2016-05-19,1,1,17
1337012,5 months ago,2016-05-19,27,54,84
2831980,a week ago,2016-05-20,4,4,9
3917569,4 months ago,2016-05-20,0,0,0
7897978,4 months ago,2016-05-18,0,0,0
12874653,4 days ago,2016-05-20,0,0,0
4014106,5 months ago,2016-05-20,0,0,0
7699205,3 days ago,2016-05-21,0,0,0
915016,3 weeks ago,2016-05-21,8,18,32
8277792,5 weeks ago,2016-05-21,10,28,53
12492320,today,2016-05-21,15,45,75
12027224,2 weeks ago,2016-05-21,23,53,83
8390543,2 weeks ago,2016-05-17,2,6,23
9504304,a week ago,2016-05-17,0,0,15
9526750,5 months ago,2016-05-17,22,48,75
11633312,4 days ago,2016-05-18,6,19,49
204102,a week ago,2016-05-18,3,6,11
9652984,yesterday,2016-05-18,3,18,20
8982743,2 weeks ago,2016-05-18,4,7,23
8995317,2 weeks ago,2016-05-19,4,6,27
8995645,2 weeks ago,2016-05-19,4,18,38
1327856,2 days ago,2016-05-19,2,3,5
11817284,yesterday,2016-05-19,0,0,2
5903368,a week ago,2016-05-19,8,29,59
12727273,today,2016-05-19,16,42,72
8010925,2 days ago,2016-05-19,0,18,44
12242839,yesterday,2016-05-19,4,16,24
8860548,today,2016-05-20,15,42,55
8089142,4 weeks ago,2016-05-20,3,8,26
1593924,today,2016-05-18,11,21,48
5027917,5 weeks ago,2016-05-20,24,48,78
2413071,yesterday,2016-05-20,18,32,50
12901712,5 days ago,2016-05-20,0,0,27
12904077,2 weeks ago,2016-05-20,0,0,27
8757140,yesterday,2016-05-21,23,48,75
10486533,4 weeks ago,2016-05-17,1,10,13
4227809,a week ago,2016-05-17,4,9,9
74125,2 weeks ago,2016-05-17,2,2,2
5330980,6 days ago,2016-05-17,0,0,0
1197430,4 weeks ago,2016-05-17,12,30,60
8992077,6 weeks ago,2016-05-18,2,2,2
8989473,4 months ago,2016-05-18,0,0,0
6835933,4 months ago,2016-05-19,0,0,0
6436594,yesterday,2016-05-19,3,11,28
11324094,6 weeks ago,2016-05-19,7,37,67
9561078,6 weeks ago,2016-05-20,14,40,70
7204949,10 months ago,2016-05-20,0,0,0
10236626,yesterday,2016-05-20,22,52,82
3425065,2 weeks ago,2016-05-20,8,8,8
12346486,6 days ago,2016-05-20,0,22,52
12346503,1 week ago,2016-05-20,16,35,65
12346533,1 week ago,2016-05-20,20,46,76
8152544,today,2016-05-20,0,0,0
12871246,1 week ago,2016-05-20,16,35,65
9776730,5 weeks ago,2016-05-20,0,0,0
8760014,7 months ago,2016-05-21,2,9,35
11945010,today,2016-05-21,2,17,44
12357603,a week ago,2016-05-21,14,35,65
9409334,6 months ago,2016-05-21,0,0,0
3127569,6 months ago,2016-05-21,0,0,0
10747925,5 days ago,2016-05-18,14,31,52
9944575,today,2016-05-21,9,9,19
10342358,2 months ago,2016-05-17,20,46,76
7384329,3 weeks ago,2016-05-17,7,23,53
12713839,a week ago,2016-05-17,13,39,69
9967909,4 weeks ago,2016-05-18,0,0,0
10102671,today,2016-05-19,11,11,11
10828998,today,2016-05-20,12,32,48
5124554,yesterday,2016-05-21,5,24,52
7346340,5 days ago,2016-05-17,15,33,63
11712419,2 days ago,2016-05-18,16,42,72
12403742,6 days ago,2016-05-18,11,37,67
8951999,today,2016-05-18,6,16,36
7037572,today,2016-05-20,14,20,25
2986263,today,2016-05-21,4,15,31
7182072,yesterday,2016-05-21,17,36,66
11655676,5 days ago,2016-05-17,0,0,12
3780833,today,2016-05-19,0,0,0
12738801,a week ago,2016-05-17,10,22,26
4126567,2 months ago,2016-05-19,0,0,0
1828462,today,2016-05-20,8,20,45
10338411,2 days ago,2016-05-21,0,5,10
5794938,today,2016-05-18,7,17,22
5336199,yesterday,2016-05-19,9,21,46
11317567,today,2016-05-20,13,32,60
4604416,yesterday,2016-05-21,12,14,14
863658,today,2016-05-20,2,2,2
7914288,3 weeks ago,2016-05-18,1,15,25
686,a week ago,2016-05-17,8,21,49
21745,4 days ago,2016-05-17,9,24,54
21746,a week ago,2016-05-17,6,19,32
9594775,5 months ago,2016-05-17,0,0,0
7557038,yesterday,2016-05-18,16,38,61
7900081,2 days ago,2016-05-18,3,12,13
8829509,6 months ago,2016-05-19,0,0,0
9759888,4 weeks ago,2016-05-20,10,39,69
7837109,2 days ago,2016-05-21,14,40,67
8146187,2 months ago,2016-05-20,22,52,82
12700371,a week ago,2016-05-17,1,7,17
10041779,7 weeks ago,2016-05-19,0,0,16
11304960,3 days ago,2016-05-20,3,9,28
11376125,a week ago,2016-05-21,4,14,30
7205120,yesterday,2016-05-21,0,8,12
6226492,8 months ago,2016-05-19,0,0,0
6516488,6 days ago,2016-05-18,0,0,10
10213507,yesterday,2016-05-18,2,8,28
12346539,a week ago,2016-05-19,17,42,72
3842915,2 weeks ago,2016-05-19,2,2,5
11462157,7 weeks ago,2016-05-20,2,4,4
12346496,1 week ago,2016-05-20,0,21,51
5204862,today,2016-05-20,15,21,21
7663335,2 weeks ago,2016-05-20,2,12,25
2968873,a week ago,2016-05-20,0,0,1
12967958,2 days ago,2016-05-21,0,2,3
10617638,today,2016-05-17,0,0,0
10223455,a week ago,2016-05-21,10,33,63
5491785,4 weeks ago,2016-05-18,10,32,62
8633581,a week ago,2016-05-18,0,0,0
8211278,yesterday,2016-05-20,12,22,44
9385707,4 months ago,2016-05-21,0,0,0
9907106,2 days ago,2016-05-19,0,5,7
8173876,today,2016-05-20,12,22,44
5558735,today,2016-05-20,0,12,34
6044888,2 days ago,2016-05-20,17,43,71
1206516,5 days ago,2016-05-17,0,2,2
1290750,2 weeks ago,2016-05-18,0,25,55
2670457,a week ago,2016-05-18,20,45,75
10500579,4 days ago,2016-05-17,2,8,16
1085963,today,2016-05-17,26,56,86
4241315,today,2016-05-17,7,21,43
8458425,today,2016-05-17,27,52,82
2185475,today,2016-05-17,30,60,90
12738512,today,2016-05-17,2,9,21
12826244,today,2016-05-18,0,3,3
4846781,today,2016-05-19,25,48,78
12224465,yesterday,2016-05-19,5,14,40
1397998,today,2016-05-20,25,55,85
1398858,today,2016-05-20,15,40,70
7359292,3 weeks ago,2016-05-17,2,4,4
11039920,2 months ago,2016-05-18,0,0,0
6950069,a week ago,2016-05-19,11,23,53
8684680,4 days ago,2016-05-20,3,24,52
12362960,5 weeks ago,2016-05-20,0,0,0
9810207,today,2016-05-21,4,23,38
11414337,today,2016-05-21,17,36,66
13016382,today,2016-05-21,19,20,20
9315837,3 months ago,2016-05-21,0,0,0
7004221,3 days ago,2016-05-19,12,22,48
3820091,3 days ago,2016-05-20,7,19,19
8303248,5 months ago,2016-05-21,0,0,0
2331868,today,2016-05-18,12,28,54
2857558,today,2016-05-20,15,34,64
10203176,3 months ago,2016-05-20,12,35,60
3469311,today,2016-05-21,9,28,58
8445895,today,2016-05-17,13,26,55
10927718,today,2016-05-18,22,52,79
8953415,2 weeks ago,2016-05-18,19,38,65
9016184,yesterday,2016-05-19,8,8,8
12199671,2 days ago,2016-05-19,16,37,63
10392285,today,2016-05-19,3,9,21
1790072,6 months ago,2016-05-20,19,40,68
10371027,2 weeks ago,2016-05-21,9,23,49
1471133,4 days ago,2016-05-21,11,30,55
3094012,today,2016-05-21,9,19,41
12019269,2 weeks ago,2016-05-21,2,2,2
7651524,today,2016-05-20,8,12,30
11145951,3 days ago,2016-05-19,5,13,23
2895406,2 weeks ago,2016-05-18,9,26,47
9515084,today,2016-05-17,4,16,46
6357426,5 days ago,2016-05-17,1,6,12
4781785,2 weeks ago,2016-05-18,3,7,17
5890061,5 days ago,2016-05-20,8,24,45
5720681,4 days ago,2016-05-21,12,33,56
5720614,a week ago,2016-05-21,16,37,62
7698067,3 weeks ago,2016-05-17,2,7,24
12012005,today,2016-05-17,11,38,64
4465110,today,2016-05-18,5,13,37
10106457,5 months ago,2016-05-19,0,0,0
11324089,today,2016-05-20,16,29,59
7053296,today,2016-05-21,8,33,58
13035253,yesterday,2016-05-21,10,37,61
8869376,yesterday,2016-05-21,2,6,16
12693460,3 weeks ago,2016-05-17,0,0,0
2359615,3 weeks ago,2016-05-18,7,14,30
7114768,a week ago,2016-05-20,17,42,72
958612,4 weeks ago,2016-05-20,17,31,61
6689346,a week ago,2016-05-20,1,1,1
12400738,3 weeks ago,2016-05-19,12,12,13
7345968,2 weeks ago,2016-05-17,11,27,27
11551054,today,2016-05-17,9,35,65
11552109,today,2016-05-17,30,60,90
11551893,today,2016-05-17,23,48,78
11549720,today,2016-05-17,18,44,74
5337396,2 weeks ago,2016-05-17,19,33,50
236207,today,2016-05-18,10,27,52
3779241,today,2016-05-19,10,26,52
4840715,today,2016-05-19,24,51,81
12243414,yesterday,2016-05-19,1,16,16
8130763,today,2016-05-20,17,28,41
2493238,today,2016-05-20,19,49,79
2495026,today,2016-05-20,25,55,85
11498092,5 days ago,2016-05-20,1,10,14
6090213,today,2016-05-20,17,47,77
8207106,4 months ago,2016-05-20,0,0,0
4669143,5 weeks ago,2016-05-21,0,0,25
12582440,3 days ago,2016-05-21,10,23,23
8506823,a week ago,2016-05-17,18,45,75
8553634,3 days ago,2016-05-18,4,25,43
5786495,3 days ago,2016-05-18,4,17,41
9993647,a week ago,2016-05-18,19,38,63
582493,a week ago,2016-05-18,11,34,64
7921789,4 days ago,2016-05-18,7,23,46
10852274,3 weeks ago,2016-05-18,18,48,78
10040454,5 months ago,2016-05-18,0,0,0
7948213,2 weeks ago,2016-05-19,0,4,11
9215362,5 weeks ago,2016-05-20,19,33,54
10858052,today,2016-05-21,11,17,34
11069719,5 weeks ago,2016-05-18,30,57,87
7800259,8 months ago,2016-05-17,0,0,0
11373734,a week ago,2016-05-17,17,30,53
4377482,yesterday,2016-05-18,9,14,14
5385231,today,2016-05-19,3,12,22
10272053,3 months ago,2016-05-20,14,29,37
12926107,3 days ago,2016-05-20,2,3,15
7200594,2 weeks ago,2016-05-21,12,33,49
12832491,6 days ago,2016-05-18,0,10,40
11610982,4 days ago,2016-05-17,2,7,14
12068313,7 weeks ago,2016-05-18,30,60,90
12148415,3 days ago,2016-05-19,0,0,2
3828739,2 months ago,2016-05-19,18,48,78
7130898,today,2016-05-20,12,28,57
5010213,today,2016-05-20,4,17,25
12704191,2 weeks ago,2016-05-17,6,19,42
11758447,1 week ago,2016-05-18,11,29,48
5825579,3 weeks ago,2016-05-18,0,5,8
10162586,a week ago,2016-05-19,12,27,51
12309981,2 days ago,2016-05-20,9,22,30
10308837,a week ago,2016-05-20,23,53,83
11844534,today,2016-05-20,14,33,58
10398635,yesterday,2016-05-21,14,30,42
10927436,today,2016-05-21,17,40,63
4710855,yesterday,2016-05-21,9,29,45
9262766,yesterday,2016-05-20,14,29,42
10927867,today,2016-05-18,27,57,82
7023889,2 months ago,2016-05-18,0,0,0
10719964,yesterday,2016-05-18,23,42,62
7576503,today,2016-05-18,6,18,27
5019670,today,2016-05-20,4,12,18
11584604,2 weeks ago,2016-05-17,0,9,23
7603546,a week ago,2016-05-18,16,24,24
1822905,a week ago,2016-05-18,18,40,63
8961978,2 weeks ago,2016-05-18,2,9,26
8995074,today,2016-05-19,9,19,38
10221939,6 weeks ago,2016-05-20,18,33,59
12367392,yesterday,2016-05-20,0,4,11
6062773,yesterday,2016-05-20,6,20,48
12376316,a week ago,2016-05-20,12,20,43
8183443,today,2016-05-20,6,23,23
3026474,24 months ago,2016-05-21,0,0,0
2045010,today,2016-05-21,9,31,58
7499121,a week ago,2016-05-18,7,14,37
8654128,2 weeks ago,2016-05-18,10,13,27
8934998,2 weeks ago,2016-05-18,8,15,29
12851211,today,2016-05-20,6,29,59
283162,today,2016-05-20,3,13,22
12564868,yesterday,2016-05-21,10,23,50
4940865,today,2016-05-20,27,45,45
2250084,2 weeks ago,2016-05-17,0,0,0
2329530,2 weeks ago,2016-05-18,6,17,47
1436464,never,2016-05-20,30,60,90
1422518,a week ago,2016-05-21,22,22,22
746298,2 weeks ago,2016-05-20,20,25,50
12207545,3 days ago,2016-05-19,0,4,4
7095414,2 weeks ago,2016-05-20,0,4,12
1398793,today,2016-05-17,16,30,49
11552322,today,2016-05-17,19,49,79
10518247,today,2016-05-17,18,48,78
10522620,today,2016-05-17,24,54,84
4249199,today,2016-05-17,20,47,77
11592886,4 days ago,2016-05-17,11,41,71
6362558,today,2016-05-17,8,9,32
10522331,today,2016-05-17,30,60,90
4280515,5 weeks ago,2016-05-17,9,30,56
1086049,today,2016-05-17,19,43,73
4344095,a week ago,2016-05-17,3,7,21
7900262,8 months ago,2016-05-18,0,0,0
9331689,5 months ago,2016-05-18,0,0,0
12069392,2 weeks ago,2016-05-18,4,16,33
5793334,today,2016-05-18,30,60,90
4637460,2 months ago,2016-05-18,0,17,47
1635882,today,2016-05-18,0,0,0
6131929,today,2016-05-19,30,60,90
12171007,today,2016-05-19,28,56,78
6940935,a week ago,2016-05-19,16,28,34
9062588,today,2016-05-19,3,4,12
8306007,4 months ago,2016-05-19,0,0,10
9108143,2 weeks ago,2016-05-19,1,7,12
5568940,today,2016-05-20,27,57,87
11362868,5 weeks ago,2016-05-20,0,0,0
5568941,today,2016-05-21,21,51,81
6694340,12 months ago,2016-05-21,0,0,0
8812965,7 months ago,2016-05-21,0,0,0
9340689,5 months ago,2016-05-21,0,0,0
3662443,2 days ago,2016-05-21,1,1,1
8799913,5 weeks ago,2016-05-21,19,40,70
11078469,a week ago,2016-05-18,5,13,25
5500958,today,2016-05-18,0,0,0
7351005,today,2016-05-17,2,2,2
8479035,a week ago,2016-05-17,0,15,45
4288813,3 weeks ago,2016-05-17,5,9,28
98008,5 days ago,2016-05-17,10,24,41
10612679,6 weeks ago,2016-05-17,0,0,0
8518016,a week ago,2016-05-17,0,12,30
10455041,4 days ago,2016-05-18,0,5,6
3344184,yesterday,2016-05-18,4,21,51
7580227,2 weeks ago,2016-05-18,0,0,0
9006753,today,2016-05-19,0,12,17
5862429,5 days ago,2016-05-19,0,0,5
98014,a week ago,2016-05-19,17,31,48
12172692,3 days ago,2016-05-19,17,30,30
8969110,5 weeks ago,2016-05-19,2,2,2
9250245,6 days ago,2016-05-19,6,20,32
4558855,yesterday,2016-05-20,2,10,22
732845,today,2016-05-20,13,19,36
786126,6 weeks ago,2016-05-20,0,0,7
7093497,2 months ago,2016-05-20,0,0,0
10786894,2 days ago,2016-05-20,2,4,4
11356130,today,2016-05-20,11,26,56
12990793,3 days ago,2016-05-20,8,28,52
4021341,today,2016-05-20,1,7,21
361215,4 weeks ago,2016-05-21,0,0,29
7750336,today,2016-05-21,3,9,18
9324713,3 weeks ago,2016-05-21,0,5,32
3522681,3 weeks ago,2016-05-21,20,45,75
9293826,today,2016-05-21,0,0,9
1006047,5 weeks ago,2016-05-21,11,18,31
1035821,today,2016-05-21,10,25,51
3140044,2 weeks ago,2016-05-21,0,0,0
11434384,today,2016-05-21,22,44,66
4227772,4 days ago,2016-05-17,8,30,60
12685709,today,2016-05-17,16,30,35
5784322,5 days ago,2016-05-17,5,10,22
4311443,3 weeks ago,2016-05-17,4,15,23
12753757,a week ago,2016-05-18,4,13,27
10674874,2 weeks ago,2016-05-18,3,7,12
12068403,2 weeks ago,2016-05-18,3,9,22
5781808,6 days ago,2016-05-18,2,17,38
3686629,2 days ago,2016-05-18,14,14,25
12157301,yesterday,2016-05-19,1,9,16
12545643,today,2016-05-19,2,5,7
9576835,yesterday,2016-05-19,6,17,43
6796745,3 weeks ago,2016-05-19,14,30,45
4685984,18 months ago,2016-05-20,30,60,90
12407370,a week ago,2016-05-20,10,22,52
8668154,8 months ago,2016-05-20,0,0,0
12362880,today,2016-05-20,3,3,3
11338921,today,2016-05-20,1,4,4
427718,yesterday,2016-05-21,1,13,34
962520,3 weeks ago,2016-05-21,0,0,0
8306400,4 days ago,2016-05-21,2,11,25
4534587,2 days ago,2016-05-21,7,24,50
12544811,a week ago,2016-05-21,6,23,44
8372906,today,2016-05-21,6,10,25
3248292,yesterday,2016-05-17,1,14,14
8523245,today,2016-05-17,9,21,21
11721881,yesterday,2016-05-18,2,16,46
6505157,2 days ago,2016-05-18,15,34,64
12935565,a week ago,2016-05-18,23,53,83
12090697,2 days ago,2016-05-18,16,31,61
4753876,3 weeks ago,2016-05-18,2,6,17
10014299,4 weeks ago,2016-05-18,0,0,0
5861069,12 months ago,2016-05-19,0,0,0
627673,today,2016-05-19,0,17,47
1678845,4 weeks ago,2016-05-19,3,3,20
4861034,today,2016-05-19,18,33,57
2817786,3 days ago,2016-05-19,9,29,43
11227212,3 weeks ago,2016-05-20,0,0,0
1356392,today,2016-05-20,26,50,80
11304885,a week ago,2016-05-20,27,57,87
12365447,a week ago,2016-05-20,3,6,15
833937,3 weeks ago,2016-05-20,4,10,17
4901674,5 days ago,2016-05-19,22,52,82
1462570,a week ago,2016-05-21,6,21,51
11521979,3 weeks ago,2016-05-21,9,25,48
7228382,today,2016-05-21,13,28,45
9825450,3 months ago,2016-05-21,0,0,0
12245866,3 weeks ago,2016-05-19,0,0,0
3479122,2 weeks ago,2016-05-19,4,12,22
6452856,4 weeks ago,2016-05-18,20,34,56
9547550,6 days ago,2016-05-17,12,29,44
11649366,2 weeks ago,2016-05-17,15,38,65
3341556,3 weeks ago,2016-05-18,0,0,0
7540337,6 months ago,2016-05-18,30,60,90
12847124,4 days ago,2016-05-18,4,4,4
6865490,a week ago,2016-05-18,4,11,28
12543912,3 weeks ago,2016-05-19,4,17,46
10104359,never,2016-05-19,18,44,73
12255733,a week ago,2016-05-19,6,10,20
10927919,today,2016-05-20,26,54,80
9215946,5 days ago,2016-05-20,2,13,21
11852458,6 days ago,2016-05-20,7,17,22
12390070,today,2016-05-20,4,14,34
4567863,4 days ago,2016-05-21,6,12,22
5671300,5 weeks ago,2016-05-21,0,3,9
10927816,today,2016-05-21,16,42,70
10927209,today,2016-05-21,10,30,57
10927557,today,2016-05-21,24,51,80
10927966,today,2016-05-21,27,56,84
10928009,today,2016-05-21,24,54,79
10928100,today,2016-05-21,29,59,87
9359561,4 days ago,2016-05-21,19,49,79
7826191,today,2016-05-21,12,24,41
8907023,5 days ago,2016-05-21,4,15,36
7330626,5 weeks ago,2016-05-21,0,0,0
9428199,today,2016-05-21,9,30,52
9251430,6 months ago,2016-05-20,0,0,0
3972450,4 days ago,2016-05-20,0,2,2
12251369,3 weeks ago,2016-05-19,21,43,72
12759196,5 days ago,2016-05-17,13,34,64
6333040,2 days ago,2016-05-17,0,0,0
12623801,3 days ago,2016-05-17,13,37,66
1106479,3 weeks ago,2016-05-17,9,30,60
59631,3 days ago,2016-05-17,14,30,49
10553280,today,2016-05-17,6,29,59
6305852,3 weeks ago,2016-05-17,4,25,51
8472620,6 days ago,2016-05-17,9,21,41
7484450,4 days ago,2016-05-17,12,37,59
11713351,yesterday,2016-05-18,17,43,72
12890410,a week ago,2016-05-18,0,0,0
11734051,a week ago,2016-05-18,4,26,47
12792525,today,2016-05-18,0,0,1
6515185,4 days ago,2016-05-18,7,24,50
12812669,a week ago,2016-05-18,28,58,88
12812501,a week ago,2016-05-18,26,56,83
3713774,today,2016-05-18,0,4,30
12129198,2 weeks ago,2016-05-18,1,1,1
12151455,today,2016-05-19,13,37,55
3914964,4 days ago,2016-05-19,7,7,11
7276132,10 months ago,2016-05-19,0,0,0
12204743,4 weeks ago,2016-05-19,0,0,0
4488861,3 days ago,2016-05-20,18,41,71
11324928,today,2016-05-20,1,6,11
5592282,4 days ago,2016-05-20,12,42,72
7223260,4 days ago,2016-05-21,0,20,41
4073278,today,2016-05-21,12,34,64
6221822,3 weeks ago,2016-05-21,17,26,26
4663666,6 days ago,2016-05-21,0,0,0
11496488,yesterday,2016-05-21,0,0,18
4187211,2 weeks ago,2016-05-21,7,9,31
5746523,1 week ago,2016-05-21,0,0,11
5592283,4 days ago,2016-05-20,13,39,69
4343411,a week ago,2016-05-19,21,37,62
12792997,today,2016-05-18,20,50,80
5318238,today,2016-05-17,13,38,62
9471950,3 weeks ago,2016-05-17,5,11,22
5308374,12 months ago,2016-05-17,30,60,90
9795040,4 months ago,2016-05-17,0,0,0
3334447,4 months ago,2016-05-18,0,0,0
7544056,a week ago,2016-05-18,2,2,2
11759837,a week ago,2016-05-18,21,48,78
6678066,6 days ago,2016-05-18,9,27,57
1488774,a week ago,2016-05-18,11,35,38
12091154,2 months ago,2016-05-18,0,0,0
11070296,2 days ago,2016-05-18,4,4,4
2723629,3 days ago,2016-05-19,12,30,54
11128110,1 week ago,2016-05-19,0,0,0
8026989,today,2016-05-19,9,30,55
8082130,3 days ago,2016-05-20,0,0,0
7085924,6 months ago,2016-05-20,0,0,0
12866271,3 days ago,2016-05-20,3,10,10
286732,4 days ago,2016-05-20,7,14,32
10266757,a week ago,2016-05-20,7,10,19
5068979,a week ago,2016-05-20,8,32,62
4573476,3 weeks ago,2016-05-21,19,49,79
12963374,yesterday,2016-05-21,0,3,33
5164075,today,2016-05-21,2,9,21
8311677,3 weeks ago,2016-05-21,4,21,46
13031089,today,2016-05-21,2,2,8
3096045,2 weeks ago,2016-05-21,21,51,81
2440681,2 weeks ago,2016-05-21,9,35,60
4710717,5 days ago,2016-05-21,12,31,61
12129509,today,2016-05-18,11,31,60
9437613,6 months ago,2016-05-17,0,0,0
8400822,5 weeks ago,2016-05-17,30,60,90
6993491,4 days ago,2016-05-17,10,40,70
4556420,5 days ago,2016-05-17,3,19,37
1936108,yesterday,2016-05-17,1,1,8
6411339,today,2016-05-17,0,0,0
2257217,4 weeks ago,2016-05-18,2,9,26
7022429,5 days ago,2016-05-18,18,48,78
4457869,today,2016-05-18,0,0,4
8654999,3 weeks ago,2016-05-18,12,33,51
10749605,3 weeks ago,2016-05-18,3,3,3
6846954,2 weeks ago,2016-05-18,12,29,49
1625244,a week ago,2016-05-18,7,23,44
6897075,3 days ago,2016-05-19,0,17,47
3513223,4 weeks ago,2016-05-19,7,25,49
10085578,5 months ago,2016-05-19,0,0,0
11157828,4 days ago,2016-05-19,12,18,18
1511315,today,2016-05-19,1,16,23
5990927,a week ago,2016-05-20,0,13,39
8091010,today,2016-05-20,6,13,16
3946381,3 weeks ago,2016-05-20,0,6,36
1856160,6 weeks ago,2016-05-20,0,0,9
9759137,3 months ago,2016-05-20,0,0,0
4550588,today,2016-05-20,17,42,71
4551037,today,2016-05-20,11,34,61
12495338,2 days ago,2016-05-21,6,8,8
8777182,today,2016-05-21,1,1,1
10388658,3 days ago,2016-05-21,0,0,6
7788794,yesterday,2016-05-21,15,42,72
993015,4 weeks ago,2016-05-21,3,13,16
6236920,yesterday,2016-05-21,6,6,6
7678482,today,2016-05-20,2,5,5
11319596,today,2016-05-20,5,19,34
11304012,6 weeks ago,2016-05-20,0,0,0
4556661,today,2016-05-17,3,16,32
6463252,2 weeks ago,2016-05-18,7,17,28
2599115,2 weeks ago,2016-05-20,12,25,53
8085544,4 weeks ago,2016-05-20,22,29,48
7533374,4 weeks ago,2016-05-17,14,14,14
12931856,a week ago,2016-05-21,8,29,38
9843086,4 days ago,2016-05-21,0,0,0
11681647,2 weeks ago,2016-05-17,0,0,14
12368893,3 weeks ago,2016-05-20,2,10,18
9408517,4 months ago,2016-05-21,0,0,0
3742687,5 weeks ago,2016-05-19,6,18,41
6954236,3 months ago,2016-05-19,11,23,36
11208222,3 months ago,2016-05-19,14,21,21
8686305,yesterday,2016-05-20,10,29,51
12457678,a week ago,2016-05-20,0,0,4
12027580,3 days ago,2016-05-21,22,52,82
10495744,yesterday,2016-05-17,19,38,64
676825,a week ago,2016-05-19,9,11,35
3826403,today,2016-05-19,8,17,31
12488143,a week ago,2016-05-21,0,16,16
4014257,7 weeks ago,2016-05-21,0,0,0
9032492,a week ago,2016-05-19,7,18,46
8087951,a week ago,2016-05-19,20,50,80
12813244,2 weeks ago,2016-05-18,10,10,10
12064609,5 days ago,2016-05-18,30,60,90
8924266,yesterday,2016-05-18,2,9,27
1727380,5 weeks ago,2016-05-19,0,26,56
12336225,4 weeks ago,2016-05-20,0,0,17
11755186,yesterday,2016-05-18,1,2,10
9692695,5 months ago,2016-05-19,0,0,0
4717266,2 weeks ago,2016-05-20,26,56,86
5508840,5 weeks ago,2016-05-20,0,1,13
11992038,2 months ago,2016-05-21,0,0,0
1004131,today,2016-05-21,0,0,0
1031708,never,2016-05-21,24,51,81
12208677,today,2016-05-19,0,5,16
6142743,13 months ago,2016-05-21,0,0,0
1777510,a week ago,2016-05-20,20,40,70
4278656,a week ago,2016-05-17,0,0,0
11691684,2 months ago,2016-05-17,0,0,0
9654110,6 weeks ago,2016-05-18,0,0,11
9259140,5 weeks ago,2016-05-20,22,47,77
5638558,today,2016-05-21,10,19,38
12988983,a week ago,2016-05-21,1,1,11
8366386,8 months ago,2016-05-21,0,0,0
12589776,3 weeks ago,2016-05-17,30,60,90
8941507,a week ago,2016-05-18,7,18,23
12305030,a week ago,2016-05-20,3,33,63
10549869,4 days ago,2016-05-17,0,0,8
12889325,2 weeks ago,2016-05-20,0,0,0
8186081,4 days ago,2016-05-21,12,32,44
2105631,today,2016-05-17,10,17,34
172196,today,2016-05-18,6,25,39
9369253,7 weeks ago,2016-05-19,30,60,90
12864305,today,2016-05-19,9,36,66
11972882,yesterday,2016-05-21,10,10,10
930,6 months ago,2016-05-17,29,58,86
2242603,4 weeks ago,2016-05-17,3,4,19
275403,4 weeks ago,2016-05-18,3,3,18
284984,2 weeks ago,2016-05-19,15,28,43
276530,5 weeks ago,2016-05-20,5,13,23
9618469,4 weeks ago,2016-05-18,0,0,5
10230560,3 weeks ago,2016-05-17,0,0,0
9060422,5 days ago,2016-05-19,10,25,52
1784482,8 months ago,2016-05-20,0,0,0
9173434,today,2016-05-20,12,19,31
8271608,2 weeks ago,2016-05-20,0,0,0
9296960,3 months ago,2016-05-21,0,0,2
10881047,a week ago,2016-05-21,2,13,15
12001049,2 weeks ago,2016-05-21,0,0,0
9920156,4 months ago,2016-05-21,0,0,0
11592340,5 weeks ago,2016-05-17,11,24,54
7548320,9 months ago,2016-05-18,0,0,0
11784513,6 weeks ago,2016-05-18,11,16,23
260728,22 months ago,2016-05-18,0,0,17
7603185,today,2016-05-18,0,6,13
6761406,5 months ago,2016-05-21,30,60,90
9394445,6 months ago,2016-05-21,0,0,0
590,yesterday,2016-05-17,12,28,55
592,yesterday,2016-05-17,26,56,56
7349270,never,2016-05-17,17,47,77
10772517,4 months ago,2016-05-20,30,60,90
8858543,5 months ago,2016-05-21,0,0,0
9462238,yesterday,2016-05-17,21,47,77
4362617,a week ago,2016-05-18,28,58,88
7622044,2 days ago,2016-05-19,1,13,43
12984426,6 days ago,2016-05-21,24,54,84
56185,3 weeks ago,2016-05-17,0,0,12
4468216,7 months ago,2016-05-18,0,6,6
8721578,3 days ago,2016-05-20,21,47,77
7255613,6 days ago,2016-05-21,3,14,42
4236002,today,2016-05-17,10,32,60
9296225,3 months ago,2016-05-20,0,0,0
6702455,a week ago,2016-05-21,0,0,5
7803870,today,2016-05-21,11,41,59
9449649,6 months ago,2016-05-17,0,0,0
11604517,today,2016-05-17,12,26,42
4267851,3 months ago,2016-05-17,0,0,0
4149952,yesterday,2016-05-21,4,25,45
10449729,today,2016-05-19,1,5,13
934259,5 days ago,2016-05-21,5,14,44
7783075,4 weeks ago,2016-05-21,0,0,2
8343104,today,2016-05-21,7,20,41
2207491,yesterday,2016-05-17,20,50,80
6489650,a week ago,2016-05-18,17,30,58
7579634,2 weeks ago,2016-05-18,0,10,40
6854933,2 days ago,2016-05-18,23,53,83
8965601,never,2016-05-18,22,52,82
6869189,2 days ago,2016-05-18,19,44,71
5863682,6 weeks ago,2016-05-19,0,0,0
9168909,a week ago,2016-05-19,6,11,29
7133070,today,2016-05-20,0,6,24
10355659,a week ago,2016-05-21,13,13,13
8487877,8 months ago,2016-05-19,0,0,0
12950580,2 weeks ago,2016-05-21,1,4,15
8401101,today,2016-05-17,2,13,22
5872893,today,2016-05-19,4,8,17
4531170,5 days ago,2016-05-20,24,54,66
6120165,4 months ago,2016-05-20,0,0,0
5717755,today,2016-05-21,19,39,69
10734082,a week ago,2016-05-21,0,5,6
8552988,4 weeks ago,2016-05-18,2,11,27
8486522,yesterday,2016-05-19,7,21,42
9093901,today,2016-05-20,5,13,23
12267876,2 weeks ago,2016-05-20,16,34,59
10707545,5 weeks ago,2016-05-18,15,41,71
10710604,3 months ago,2016-05-18,30,59,89
10229493,4 months ago,2016-05-18,0,0,0
9997587,yesterday,2016-05-18,0,0,0
678602,6 days ago,2016-05-19,3,8,15
8739814,a week ago,2016-05-20,10,32,59
11947643,a week ago,2016-05-21,1,2,8
6303001,11 months ago,2016-05-17,0,0,0
2249375,2 months ago,2016-05-17,0,11,11
9976399,5 months ago,2016-05-18,0,0,0
12106595,never,2016-05-18,30,60,90
9011201,today,2016-05-18,22,47,77
12358325,today,2016-05-20,17,41,67
4671906,today,2016-05-20,6,7,19
12360128,yesterday,2016-05-20,4,10,19
10808880,today,2016-05-20,0,0,0
12990921,3 days ago,2016-05-21,2,2,2
8195340,today,2016-05-21,6,16,42
10553635,4 months ago,2016-05-17,30,60,90
3241930,13 months ago,2016-05-17,30,60,90
9633450,yesterday,2016-05-18,7,11,17
12796983,a week ago,2016-05-18,19,26,26
11048283,3 weeks ago,2016-05-18,13,33,63
4641729,today,2016-05-18,19,44,69
8368825,a week ago,2016-05-21,13,31,61
